id,sound_id,sort_order,display_string,linked_word_sound_id,word_id
12381,137,0,ai,,12364
12368,117,0,a,,12359
12369,117,0,a,,12362
12375,117,0,a,,12366
12373,117,0,a,,12365
12385,127,0,m,,12364
12372,123,0,c,,12359
12374,130,0,g,,12362
12383,133,0,l,,12366
12371,117,0,a,,12363
12376,134,0,f,,12365
12370,137,0,ai,,12361
12377,118,0,t,,12359
12384,126,0,r,,12362
12387,131,0,o,,12366
12367,117,0,a,,12360
12378,128,0,d,,12361
12379,135,0,b,,12363
12382,126,0,r,,12365
12389,141,0,ee,,12362
12380,123,0,c,,12360
12391,146,0,ng,,12366
12386,159,0,ou,,12363
12390,126,0,r,,12360
12388,118,0,t,,12363
12392,131,0,o,,12360
12393,137,0,ai,,12365
12395,116,0,ss,,12360
12394,128,0,d,,12365
12412,117,0,a,,12403
12414,117,0,a,,12400
12417,154,0,sh,,12403
12410,117,0,a,,12401
12420,121,0,n,,12400
12416,121,0,n,,12401
12411,117,0,a,,12402
12424,128,0,d,,12401
12399,117,0,a,,12397
12404,117,0,a,,12396
12419,118,0,t,,12402
12405,116,0,s,,12397
12407,133,0,l,,12396
12408,133,0,l,,12397
12425,159,0,ou,,12396
12409,117,0,a,,12398
12413,117,0,a,,12406
12431,128,0,d,,12396
12415,121,0,n,,12398
12421,119,0,i,,12398
12423,141,0,ee,,12397
12428,127,0,m,,12398
12427,120,0,p,,12397
12430,117,0,a,,12398
12418,126,0,r,,12406
12422,159,0,ou,,12406
12432,133,0,l,,12398
12426,121,0,n,,12406
12429,128,0,d,,12406
12441,135,0,b,,12435
12446,135,0,b,,12436
12445,163,0,ar,,12435
12452,163,0,ar,,12436
12450,123,0,k,,12435
12440,135,0,b,,12433
12444,137,0,ai,,12433
12448,135,0,b,,12438
12447,118,0,t,,12433
12454,141,0,ee,,12438
12457,134,0,f,,12438
12442,135,0,b,,12434
12443,135,0,b,,12437
12455,117,0,a,,12437
12453,117,0,a,,12434
12459,123,0,ck,,12434
12458,146,0,ng,,12437
12449,135,0,b,,12439
12456,117,0,a,,12439
12461,128,0,d,,12439
12460,135,0,b,,12451
12462,117,0,a,,12451
12463,154,0,sh,,12451
12465,135,0,b,,12464
12468,141,0,ee,,12464
12472,121,0,n,,12464
12470,135,0,b,,12466
12473,124,0,e,,12466
12479,130,0,g,,12466
12475,135,0,b,,12467
12480,141,0,ee,,12467
12483,120,0,p,,12467
12478,135,0,b,,12471
12481,124,0,e,,12471
12486,116,0,s,,12471
12493,135,0,b,,12484
12494,124,0,e,,12484
12490,118,0,t,,12471
12496,118,0,t,,12484
12476,135,0,b,,12469
12485,124,0,e,,12469
12488,133,0,l,,12469
12492,131,0,o,,12469
12498,146,0,ng,,12469
12482,135,0,b,,12474
12489,135,0,b,,12477
12495,124,0,e,,12477
12499,121,0,n,,12477
12502,128,0,d,,12477
12487,124,0,e,,12474
12491,121,0,n,,12474
12497,118,0,t,,12474
12503,135,0,b,,12500
12511,135,0,b,,12504
12515,119,0,i,,12504
12513,135,0,b,,12507
12519,130,0,g,,12504
12518,119,0,i,,12507
12505,124,0,e,,12500
12520,135,0,b,,12507
12509,118,0,tt,,12500
12512,162,0,er,,12500
12506,135,0,b,,12501
12508,124,0,e,,12501
12510,118,0,t,,12501
12516,145,0,w,,12501
12517,141,0,ee,,12501
12521,135,0,b,,12514
12524,119,0,i,,12514
12527,118,0,t,,12514
12523,121,0,n,,12501
12529,135,0,b,,12525
12530,139,0,oa,,12525
12532,116,0,s,,12525
12535,118,0,t,,12525
12543,135,0,b,,12531
12547,148,0,oo,,12531
12542,135,0,b,,12537
12546,148,0,oo,,12537
12533,135,0,b,,12526
12550,127,0,m,,12537
12536,133,0,l,,12526
12539,119,0,i,,12526
12528,135,0,b,,12522
12540,116,0,s,,12526
12534,133,0,l,,12522
12545,118,0,t,,12526
12538,124,0,e,,12522
12549,162,0,er,,12526
12544,121,0,n,,12522
12552,128,0,d,,12522
12548,135,0,b,,12541
12551,142,0,or,,12541
12556,121,0,n,,12541
12557,135,0,b,,12553
12558,126,0,r,,12553
12559,119,0,i,,12553
12560,146,0,ng,,12553
12562,135,0,b,,12554
12563,132,0,u,,12554
12564,118,0,t,,12554
12561,135,0,b,,12555
12565,131,0,o,,12555
12567,116,0,ss,,12555
12573,123,0,c,,12569
12576,117,0,a,,12569
12577,123,0,c,,12571
12579,127,0,m,,12569
12574,123,0,c,,12568
12578,117,0,a,,12571
12581,120,0,p,,12569
12582,121,0,nn,,12571
12584,131,0,o,,12571
12585,118,0,t,,12571
12583,117,0,a,,12568
12580,153,0,ch,,12572
12575,153,0,ch,,12570
12588,154,0,sh,,12568
12589,117,0,a,,12572
12590,120,0,p,,12572
12591,117,0,a,,12570
12594,127,0,m,,12570
12595,120,0,p,,12570
12597,153,0,ch,,12592
12599,117,0,a,,12592
12601,118,0,t,,12592
12598,153,0,ch,,12586
12600,163,0,ar,,12586
12604,127,0,m,,12586
12587,123,0,c,,12566
12593,117,0,a,,12566
12596,126,0,r,,12566
12603,131,0,o,,12566
12605,133,0,l,,12566
12607,153,0,ch,,12602
12608,117,0,a,,12602
12609,118,0,tt,,12602
12610,162,0,er,,12602
12611,153,0,ch,,12606
12612,119,0,i,,12606
12615,120,0,p,,12606
12617,153,0,ch,,12613
12619,132,0,u,,12613
12625,130,0,g,,12613
12616,153,0,ch,,12614
12618,119,0,i,,12614
12620,120,0,p,,12614
12622,116,0,s,,12614
12626,153,0,ch,,12621
12627,132,0,u,,12621
12628,127,0,m,,12621
12629,153,0,ch,,12624
12631,131,0,o,,12624
12632,120,0,p,,12624
12633,116,0,s,,12624
12636,153,0,ch,,12630
12637,131,0,o,,12630
12638,120,0,p,,12630
12634,123,0,c,,12623
12639,133,0,l,,12623
12640,137,0,ai,,12623
12641,127,0,m,,12623
12651,123,0,c,,12644
12650,123,0,c,,12645
12657,139,0,oa,,12645
12655,133,0,l,,12644
12660,153,0,ch,,12645
12658,119,0,i,,12644
12659,123,0,ck,,12644
12649,123,0,c,,12646
12656,133,0,l,,12646
12661,132,0,u,,12646
12643,123,0,c,,12635
12653,123,0,c,,12642
12666,123,0,c,,12652
12647,133,0,l,,12635
12662,139,0,oa,,12642
12663,146,0,ng,,12646
12667,139,0,oa,,12652
12670,133,0,l,,12652
12664,116,0,s,,12642
12648,124,0,e,,12635
12668,118,0,t,,12642
12654,147,0,v,,12635
12669,162,0,er,,12635
12672,123,0,c,,12665
12673,131,0,o,,12665
12674,123,0,c,,12671
12675,133,0,ll,,12665
12676,131,0,o,,12671
12677,124,0,e,,12665
12679,121,0,n,,12671
12678,123,0,c,,12665
12682,118,0,t,,12671
12685,118,0,t,,12665
12683,119,0,i,,12671
12684,121,0,n,,12671
12686,161,0,ue,,12671
12689,123,0,c,,12681
12695,148,0,oo,,12681
12697,133,0,l,,12681
12687,123,0,c,,12680
12688,148,0,oo,,12680
12693,123,0,k,,12680
12696,119,0,i,,12680
12698,146,0,ng,,12680
12701,123,0,c,,12691
12699,123,0,c,,12690
12703,131,0,o,,12691
12705,118,0,t,,12691
12700,126,0,r,,12690
12702,124,0,e,,12690
12704,120,0,p,,12690
12707,118,0,t,,12690
12706,123,0,c,,12694
12709,131,0,o,,12694
12710,116,0,s,,12694
12712,118,0,t,,12694
12708,123,0,c,,12692
12711,126,0,r,,12692
12714,117,0,a,,12692
12716,154,0,sh,,12692
12717,123,0,c,,12713
12719,126,0,r,,12713
12718,123,0,c,,12715
12726,124,0,e,,12713
12720,126,0,r,,12715
12728,116,0,s,,12713
12723,119,0,i,,12715
12730,118,0,t,,12713
12724,123,0,ck,,12715
12727,124,0,e,,12715
12729,118,0,t,,12715
12731,123,0,c,,12721
12734,126,0,r,,12721
12740,123,0,c,,12733
12736,119,0,i,,12721
12739,123,0,c,,12732
12744,132,0,u,,12733
12741,116,0,s,,12721
12742,126,0,r,,12732
12748,135,0,b,,12733
12746,120,0,p,,12721
12747,139,0,oa,,12732
12749,123,0,k,,12732
12735,123,0,c,,12722
12738,126,0,r,,12722
12737,123,0,c,,12725
12745,126,0,r,,12725
12743,159,0,ou,,12722
12752,132,0,u,,12725
12751,153,0,ch,,12722
12753,121,0,n,,12725
12754,153,0,ch,,12725
12760,128,0,d,,12756
12755,128,0,d,,12750
12757,117,0,a,,12750
12761,124,0,e,,12756
12759,127,0,m,,12750
12765,123,0,ck,,12756
12764,120,0,p,,12750
12768,128,0,d,,12762
12771,163,0,ar,,12762
12767,128,0,d,,12758
12772,128,0,d,,12766
12774,123,0,k,,12762
12770,117,0,a,,12758
12773,154,0,sh,,12758
12776,141,0,ee,,12766
12769,128,0,d,,12763
12779,120,0,p,,12766
12775,141,0,ee,,12763
12778,120,0,p,,12763
12780,162,0,er,,12763
12782,128,0,d,,12777
12783,124,0,e,,12777
12784,121,0,n,,12777
12785,128,0,d,,12781
12787,124,0,e,,12781
12789,121,0,n,,12781
12790,118,0,t,,12781
12791,128,0,d,,12786
12794,119,0,i,,12786
12795,128,0,d,,12786
12798,128,0,d,,12793
12800,119,0,i,,12793
12803,121,0,n,,12793
12802,128,0,d,,12796
12804,128,0,d,,12797
12805,131,0,o,,12796
12809,123,0,ck,,12796
12806,119,0,i,,12797
12811,127,0,m,,12797
12810,128,0,d,,12799
12814,119,0,i,,12799
12816,120,0,p,,12799
12792,128,0,d,,12788
12801,119,0,i,,12788
12807,134,0,ff,,12788
12808,119,0,i,,12788
12813,123,0,c,,12788
12815,132,0,u,,12788
12817,133,0,l,,12788
12818,118,0,t,,12788
12820,128,0,d,,12812
12821,128,0,d,,12819
12823,126,0,r,,12812
12824,126,0,r,,12819
12825,117,0,a,,12812
12827,140,0,ie,,12819
12830,130,0,g,,12812
12829,128,0,d,,12819
12833,128,0,d,,12826
12835,161,0,ue,,12826
12831,128,0,d,,12822
12839,128,0,d,,12828
12838,128,0,d,,12832
12842,161,0,ue,,12828
12841,132,0,u,,12832
12843,133,0,l,,12828
12834,126,0,r,,12822
12836,132,0,u,,12822
12837,121,0,n,,12822
12840,123,0,k,,12822
12845,133,0,ll,,12832
12848,128,0,d,,12844
12850,132,0,u,,12844
12849,128,0,d,,12846
12853,127,0,m,,12844
12852,132,0,u,,12846
12856,116,0,s,,12846
12860,123,0,k,,12846
12857,120,0,p,,12844
12854,124,0,e,,12847
12858,133,0,l,,12847
12862,117,0,a,,12847
12864,116,0,s,,12847
12876,124,0,e,,12861
12868,118,0,t,,12847
12877,121,0,n,,12861
12881,128,0,d,,12861
12869,119,0,i,,12847
12872,123,0,c,,12847
12859,124,0,e,,12851
12863,133,0,l,,12851
12865,124,0,e,,12851
12867,123,0,c,,12851
12874,124,0,e,,12866
12879,124,0,e,,12871
12870,118,0,t,,12851
12873,126,0,r,,12851
12883,152,0,x,,12871
12884,120,0,p,,12871
12878,147,0,v,,12866
12880,119,0,i,,12851
12886,123,0,c,,12851
12875,128,0,d,,12855
12887,124,0,e,,12871
12882,162,0,er,,12866
12885,132,0,u,,12855
12888,123,0,c,,12871
12890,116,0,s,,12855
12889,118,0,t,,12871
12893,118,0,t,,12855
12894,134,0,f,,12891
12897,117,0,a,,12891
12898,123,0,c,,12891
12901,118,0,t,,12891
12900,134,0,f,,12892
12902,134,0,f,,12895
12904,137,0,ai,,12895
12908,121,0,n,,12895
12905,134,0,f,,12899
12903,137,0,ai,,12892
12912,118,0,t,,12895
12907,133,0,l,,12892
12911,163,0,ar,,12899
12906,134,0,f,,12896
12909,117,0,a,,12896
12913,121,0,n,,12896
12915,118,0,t,,12896
12916,117,0,a,,12896
12918,116,0,s,,12896
12920,118,0,t,,12896
12922,119,0,i,,12896
12926,123,0,c,,12896
12925,134,0,f,,12917
12919,134,0,f,,12910
12929,117,0,a,,12917
12921,117,0,a,,12910
12923,134,0,f,,12914
12931,152,0,x,,12917
12924,118,0,t,,12910
12927,117,0,a,,12914
12928,118,0,tt,,12914
12932,162,0,er,,12914
12936,134,0,f,,12930
12937,124,0,e,,12930
12938,128,0,d,,12930
12940,134,0,f,,12933
12943,134,0,f,,12935
12939,134,0,f,,12934
12944,141,0,ee,,12933
12945,141,0,ee,,12935
12948,128,0,d,,12935
12947,133,0,l,,12933
12941,141,0,ee,,12934
12942,133,0,l,,12934
12946,119,0,i,,12934
12949,146,0,ng,,12934
12954,134,0,f,,12951
12956,124,0,e,,12951
12959,133,0,ll,,12951
12953,134,0,f,,12950
12955,124,0,e,,12950
12957,133,0,l,,12950
12961,118,0,t,,12950
12960,134,0,f,,12952
12963,119,0,i,,12952
12966,133,0,ll,,12952
12962,134,0,f,,12958
12965,119,0,i,,12958
12967,121,0,n,,12958
12969,119,0,i,,12958
12971,154,0,sh,,12958
12972,134,0,f,,12964
12974,133,0,l,,12964
12976,134,0,f,,12970
12975,117,0,a,,12964
12978,120,0,p,,12964
12979,119,0,i,,12970
12981,118,0,t,,12970
12980,134,0,f,,12973
12977,134,0,f,,12968
12983,133,0,l,,12973
12982,119,0,i,,12968
12985,152,0,x,,12968
12987,117,0,a,,12973
12988,119,0,i,,12968
12989,154,0,sh,,12973
12990,146,0,ng,,12968
12991,134,0,f,,12986
12992,133,0,l,,12986
12996,117,0,a,,12986
12999,118,0,t,,12986
12993,134,0,f,,12984
12994,133,0,l,,12984
12998,124,0,e,,12984
13000,152,0,x,,12984
13002,134,0,f,,12995
13004,133,0,l,,12995
13005,132,0,u,,12995
13006,134,0,ff,,12995
13008,134,0,f,,12997
13010,133,0,l,,12997
13012,131,0,o,,12997
13007,134,0,f,,13001
13009,133,0,l,,13001
13011,134,0,f,,13003
13013,132,0,u,,13001
13014,139,0,oa,,13003
13016,120,0,p,,12997
13018,154,0,sh,,13001
13017,127,0,m,,13003
13021,134,0,f,,13015
13024,131,0,o,,13015
13027,130,0,g,,13015
13025,134,0,f,,13020
13028,160,0,oi,,13020
13031,133,0,l,,13020
13022,134,0,f,,13019
13023,131,0,o,,13019
13034,134,0,f,,13029
13026,130,0,g,,13019
13030,125,0,h,,13019
13032,142,0,or,,13019
13036,121,0,n,,13019
13035,131,0,o,,13029
13039,134,0,f,,13033
13038,121,0,n,,13029
13043,142,0,or,,13033
13041,128,0,d,,13029
13044,134,0,f,,13037
13047,142,0,or,,13037
13049,127,0,m,,13037
13046,134,0,f,,13040
13048,142,0,or,,13040
13050,130,0,g,,13040
13052,134,0,f,,13045
13055,131,0,o,,13040
13053,159,0,ou,,13045
13057,118,0,t,,13040
13056,121,0,n,,13045
13061,128,0,d,,13045
13060,134,0,f,,13051
13054,134,0,f,,13042
13063,126,0,r,,13051
13064,141,0,ee,,13051
13058,142,0,or,,13042
13059,130,0,g,,13042
13062,124,0,e,,13042
13065,118,0,t,,13042
13073,134,0,f,,13068
13077,126,0,r,,13068
13070,134,0,f,,13067
13081,131,0,o,,13068
13074,126,0,r,,13067
13080,124,0,e,,13067
13086,154,0,sh,,13067
13083,127,0,m,,13068
13075,134,0,f,,13069
13072,134,0,f,,13066
13078,126,0,r,,13069
13076,126,0,r,,13066
13087,140,0,ie,,13069
13079,141,0,ee,,13066
13090,128,0,d,,13069
13082,144,0,z,,13066
13085,119,0,i,,13066
13088,146,0,ng,,13066
13084,134,0,f,,13071
13089,126,0,r,,13071
13092,131,0,o,,13071
13094,116,0,s,,13071
13095,118,0,t,,13071
13096,134,0,f,,13091
13098,126,0,r,,13091
13100,131,0,o,,13091
13102,155,0,th,,13091
13097,134,0,f,,13093
13099,132,0,u,,13093
13103,121,0,n,,13093
13108,134,0,f,,13104
13110,132,0,u,,13104
13113,116,0,ss,,13104
13112,130,0,g,,13105
13106,134,0,f,,13101
13109,132,0,u,,13101
13115,117,0,a,,13105
13114,121,0,n,,13101
13116,146,0,ng,,13105
13118,128,0,d,,13101
13117,130,0,g,,13107
13121,117,0,a,,13107
13123,116,0,s,,13107
13119,130,0,g,,13111
13122,124,0,e,,13111
13125,118,0,t,,13111
13126,130,0,g,,13120
13129,148,0,oo,,13120
13130,128,0,d,,13120
13127,130,0,g,,13124
13131,133,0,l,,13124
13132,117,0,a,,13124
13134,128,0,d,,13124
13136,130,0,g,,13128
13139,131,0,o,,13128
13141,118,0,t,,13128
13142,130,0,g,,13137
13140,130,0,g,,13133
13144,126,0,r,,13137
13143,126,0,r,,13133
13148,117,0,a,,13137
13145,117,0,a,,13133
13154,127,0,m,,13137
13150,121,0,n,,13133
13146,130,0,g,,13138
13156,128,0,d,,13133
13149,126,0,r,,13138
13155,141,0,ee,,13138
13147,130,0,g,,13135
13157,128,0,d,,13138
13151,126,0,r,,13135
13158,117,0,a,,13135
13159,135,0,b,,13135
13160,130,0,g,,13152
13161,126,0,r,,13152
13162,119,0,i,,13152
13163,130,0,g,,13153
13164,127,0,m,,13152
13167,126,0,r,,13153
13168,119,0,i,,13153
13170,133,0,ll,,13153
13173,130,0,g,,13166
13177,130,0,g,,13171
13179,126,0,r,,13166
13180,126,0,r,,13171
13172,130,0,g,,13169
13182,119,0,i,,13166
13184,132,0,u,,13171
13186,120,0,p,,13166
13178,126,0,r,,13169
13187,134,0,ff,,13171
13176,130,0,g,,13165
13181,159,0,ou,,13169
13183,126,0,r,,13165
13185,121,0,n,,13169
13188,139,0,oa,,13165
13192,121,0,n,,13165
13189,128,0,d,,13169
13190,130,0,g,,13175
13191,130,0,g,,13174
13193,132,0,u,,13175
13195,126,0,r,,13174
13198,132,0,u,,13174
13194,133,0,l,,13175
13199,121,0,n,,13174
13196,120,0,p,,13175
13200,118,0,t,,13174
13201,130,0,g,,13197
13203,132,0,u,,13197
13205,116,0,s,,13197
13206,118,0,t,,13197
13208,125,0,h,,13202
13211,117,0,a,,13202
13213,128,0,d,,13202
13207,125,0,h,,13204
13210,117,0,a,,13204
13212,135,0,b,,13204
13215,119,0,i,,13204
13218,118,0,t,,13204
13217,125,0,h,,13209
13219,117,0,a,,13209
13220,120,0,pp,,13209
13221,124,0,e,,13209
13222,121,0,n,,13209
13225,125,0,h,,13214
13226,117,0,a,,13214
13227,146,0,ng,,13214
13228,125,0,h,,13224
13230,125,0,h,,13216
13232,163,0,ar,,13224
13235,127,0,m,,13224
13234,163,0,ar,,13216
13229,125,0,h,,13223
13233,124,0,e,,13223
13236,123,0,c,,13223
13237,128,0,d,,13216
13239,118,0,t,,13223
13240,119,0,i,,13223
13241,123,0,c,,13223
13242,125,0,h,,13231
13244,124,0,e,,13231
13246,133,0,l,,13231
13247,125,0,h,,13238
13248,141,0,ee,,13238
13251,133,0,l,,13238
13250,125,0,h,,13245
13249,128,0,d,,13231
13254,162,0,er,,13245
13252,125,0,h,,13243
13257,125,0,h,,13253
13255,124,0,e,,13243
13258,162,0,er,,13253
13260,116,0,s,,13253
13262,124,0,e,,13253
13264,133,0,l,,13253
13266,134,0,f,,13253
13256,133,0,l,,13243
13263,120,0,p,,13243
13267,125,0,h,,13261
13269,119,0,i,,13261
13273,127,0,m,,13261
13275,125,0,h,,13265
13268,125,0,h,,13259
13277,119,0,i,,13265
13272,119,0,i,,13259
13280,128,0,d,,13265
13274,123,0,cc,,13259
13276,132,0,u,,13259
13279,120,0,p,,13259
13281,125,0,h,,13270
13284,125,0,h,,13278
13282,119,0,i,,13270
13286,119,0,i,,13278
13285,121,0,n,,13270
13289,120,0,p,,13278
13287,118,0,t,,13270
13283,125,0,h,,13271
13288,119,0,i,,13271
13290,116,0,ss,,13271
13294,125,0,h,,13291
13295,125,0,h,,13292
13296,148,0,oo,,13291
13297,131,0,o,,13292
13298,118,0,t,,13291
13299,118,0,t,,13292
13302,125,0,h,,13293
13305,119,0,i,,13293
13307,118,0,t,,13293
13304,125,0,h,,13300
13308,125,0,h,,13301
13311,125,0,h,,13303
13309,132,0,u,,13300
13315,132,0,u,,13303
13313,134,0,ff,,13300
13318,127,0,m,,13303
13310,131,0,o,,13301
13316,125,0,h,,13306
13312,118,0,tt,,13301
13319,132,0,u,,13306
13322,146,0,ng,,13306
13317,162,0,er,,13301
13325,119,0,i,,13320
13323,125,0,h,,13314
13328,134,0,f,,13320
13324,132,0,u,,13314
13326,121,0,n,,13314
13329,118,0,t,,13314
13330,125,0,h,,13321
13331,132,0,u,,13321
13332,154,0,sh,,13321
13333,119,0,i,,13327
13335,133,0,ll,,13327
13340,119,0,i,,13336
13343,118,0,t,,13336
13342,119,0,i,,13337
13344,121,0,n,,13337
13339,119,0,i,,13334
13341,121,0,n,,13334
13345,128,0,d,,13334
13348,141,0,ee,,13334
13346,119,0,i,,13338
13351,128,0,d,,13334
13350,121,0,n,,13338
13352,116,0,s,,13338
13353,119,0,i,,13338
13355,116,0,s,,13338
13356,118,0,t,,13338
13357,119,0,i,,13349
13358,118,0,t,,13349
13362,116,0,s,,13349
13360,138,0,j,,13354
13363,117,0,a,,13354
13365,144,0,zz,,13354
13359,138,0,j,,13347
13364,137,0,ai,,13347
13366,133,0,l,,13347
13368,138,0,j,,13361
13370,119,0,i,,13361
13371,130,0,g,,13361
13372,138,0,j,,13367
13373,138,0,j,,13369
13374,131,0,o,,13367
13376,131,0,o,,13369
13377,130,0,g,,13367
13378,135,0,b,,13369
13379,138,0,j,,13375
13380,160,0,oi,,13375
13381,121,0,n,,13375
13385,138,0,j,,13384
13389,131,0,o,,13384
13390,118,0,t,,13384
13386,138,0,j,,13382
13391,160,0,oi,,13382
13392,138,0,j,,13383
13395,121,0,n,,13382
13393,138,0,j,,13388
13399,118,0,t,,13382
13397,132,0,u,,13388
13394,132,0,u,,13383
13400,116,0,s,,13388
13402,118,0,t,,13388
13398,130,0,g,,13383
13401,138,0,j,,13387
13403,132,0,u,,13387
13404,127,0,m,,13387
13407,120,0,p,,13387
13409,162,0,er,,13387
13408,123,0,k,,13396
13410,141,0,ee,,13396
13412,121,0,n,,13396
13411,123,0,k,,13406
13415,141,0,ee,,13406
13419,120,0,p,,13406
13413,123,0,k,,13405
13414,124,0,e,,13405
13418,120,0,p,,13405
13420,118,0,t,,13405
13421,123,0,k,,13416
13422,119,0,i,,13416
13423,123,0,k,,13417
13426,116,0,ss,,13416
13427,119,0,i,,13417
13429,118,0,t,,13417
13430,133,0,l,,13425
13431,117,0,a,,13425
13435,128,0,d,,13425
13432,133,0,l,,13424
13434,133,0,l,,13428
13436,117,0,a,,13424
13437,137,0,ai,,13428
13438,120,0,p,,13424
13439,128,0,d,,13428
13440,133,0,l,,13433
13444,124,0,e,,13433
13446,128,0,d,,13433
13449,133,0,l,,13441
13450,124,0,e,,13441
13445,133,0,l,,13442
13452,121,0,n,,13441
13448,124,0,e,,13442
13454,128,0,d,,13441
13451,134,0,f,,13442
13455,118,0,t,,13442
13456,133,0,l,,13447
13458,124,0,e,,13447
13460,116,0,ss,,13447
13453,133,0,l,,13443
13457,124,0,e,,13443
13459,121,0,n,,13443
13462,118,0,t,,13443
13465,133,0,l,,13461
13466,124,0,e,,13461
13467,118,0,t,,13461
13473,133,0,l,,13468
13478,140,0,ie,,13468
13469,133,0,l,,13463
13474,119,0,i,,13463
13479,123,0,ck,,13463
13477,133,0,l,,13470
13481,140,0,ie,,13470
13471,133,0,l,,13464
13483,128,0,d,,13470
13475,124,0,e,,13464
13480,116,0,ss,,13464
13484,131,0,o,,13464
13486,121,0,n,,13464
13482,133,0,l,,13476
13487,119,0,i,,13476
13488,134,0,f,,13476
13491,118,0,t,,13476
13485,133,0,l,,13472
13489,119,0,i,,13472
13492,127,0,m,,13472
13493,120,0,p,,13472
13494,133,0,l,,13490
13495,119,0,i,,13490
13496,120,0,p,,13490
13500,133,0,l,,13497
13504,133,0,l,,13498
13501,119,0,i,,13497
13502,118,0,t,,13497
13506,139,0,oa,,13498
13507,128,0,d,,13498
13503,133,0,l,,13499
13508,131,0,o,,13499
13510,134,0,f,,13499
13512,118,0,t,,13499
13511,133,0,l,,13505
13513,148,0,oo,,13505
13516,123,0,k,,13505
13517,133,0,l,,13509
13518,131,0,o,,13509
13520,146,0,ng,,13509
13521,133,0,l,,13515
13522,133,0,l,,13514
13523,142,0,or,,13515
13524,148,0,oo,,13514
13526,128,0,d,,13515
13525,123,0,k,,13514
13527,119,0,i,,13514
13529,146,0,ng,,13514
13533,133,0,l,,13530
13528,133,0,l,,13519
13536,131,0,o,,13530
13538,118,0,t,,13530
13532,131,0,o,,13519
13534,116,0,ss,,13519
13537,133,0,l,,13531
13539,131,0,o,,13531
13540,116,0,s,,13531
13543,118,0,t,,13531
13544,133,0,l,,13535
13545,132,0,u,,13535
13547,123,0,ck,,13535
13546,133,0,l,,13541
13548,159,0,ou,,13541
13550,128,0,d,,13541
13549,127,0,m,,13542
13551,117,0,a,,13542
13552,128,0,d,,13542
13556,127,0,m,,13554
13559,163,0,ar,,13554
13562,153,0,ch,,13554
13561,127,0,m,,13555
13564,163,0,ar,,13555
13567,154,0,sh,,13555
13563,127,0,m,,13553
13565,127,0,m,,13557
13569,137,0,ai,,13557
13570,127,0,m,,13560
13574,121,0,n,,13557
13573,117,0,a,,13560
13576,154,0,sh,,13560
13568,137,0,ai,,13553
13572,128,0,d,,13553
13577,127,0,m,,13566
13571,127,0,m,,13558
13578,141,0,ee,,13566
13580,118,0,t,,13566
13575,163,0,ar,,13558
13579,123,0,k,,13558
13584,127,0,m,,13582
13585,124,0,e,,13582
13586,127,0,m,,13583
13588,121,0,n,,13582
13592,128,0,d,,13582
13590,124,0,e,,13583
13594,116,0,ss,,13583
13587,127,0,m,,13581
13593,124,0,e,,13581
13596,133,0,l,,13581
13597,118,0,t,,13581
13599,127,0,m,,13595
13601,119,0,i,,13595
13604,116,0,ss,,13595
13598,127,0,m,,13591
13600,139,0,oa,,13591
13605,121,0,n,,13591
13603,127,0,m,,13589
13606,124,0,e,,13589
13607,118,0,t,,13589
13608,127,0,m,,13602
13609,131,0,o,,13602
13610,123,0,ck,,13602
13614,127,0,m,,13611
13617,148,0,oo,,13611
13615,127,0,m,,13613
13619,148,0,oo,,13613
13616,127,0,m,,13612
13621,128,0,d,,13613
13620,160,0,oi,,13612
13622,116,0,s,,13612
13623,118,0,t,,13612
13625,127,0,m,,13618
13626,132,0,u,,13618
13628,153,0,ch,,13618
13629,127,0,m,,13624
13630,132,0,u,,13624
13631,123,0,ck,,13624
13633,127,0,m,,13627
13636,132,0,u,,13627
13637,121,0,n,,13627
13639,153,0,ch,,13627
13638,121,0,n,,13632
13641,121,0,n,,13634
13643,124,0,e,,13634
13642,141,0,ee,,13632
13646,147,0,v,,13634
13647,128,0,d,,13632
13648,162,0,er,,13634
13644,127,0,m,,13635
13649,132,0,u,,13635
13650,116,0,s,,13635
13654,121,0,n,,13645
13652,118,0,t,,13635
13656,119,0,i,,13645
13657,120,0,p,,13645
13653,121,0,n,,13640
13655,124,0,e,,13640
13658,121,0,n,,13651
13661,131,0,o,,13651
13659,152,0,x,,13640
13662,118,0,t,,13640
13663,128,0,d,,13651
13665,121,0,n,,13660
13666,148,0,oo,,13660
13668,121,0,n,,13660
13667,121,0,n,,13664
13670,131,0,o,,13664
13671,118,0,t,,13664
13673,121,0,n,,13669
13674,159,0,ou,,13669
13676,121,0,n,,13669
13682,131,0,o,,13675
13684,128,0,dd,,13675
13677,121,0,n,,13672
13681,132,0,u,,13672
13683,127,0,m,,13672
13686,131,0,o,,13679
13685,135,0,b,,13672
13690,121,0,n,,13679
13688,162,0,er,,13672
13687,131,0,o,,13678
13691,134,0,ff,,13678
13689,131,0,o,,13680
13693,134,0,ff,,13680
13695,162,0,er,,13680
13696,159,0,ou,,13692
13697,126,0,r,,13692
13699,159,0,ou,,13694
13700,118,0,t,,13694
13701,159,0,ou,,13698
13703,118,0,t,,13698
13704,119,0,i,,13698
13705,146,0,ng,,13698
13707,120,0,p,,13702
13710,117,0,a,,13702
13712,123,0,ck,,13702
13713,120,0,p,,13706
13714,120,0,p,,13709
13716,117,0,a,,13706
13720,133,0,l,,13706
13718,137,0,ai,,13709
13717,120,0,p,,13708
13719,128,0,d,,13709
13722,137,0,ai,,13708
13724,121,0,n,,13708
13715,120,0,p,,13711
13721,117,0,a,,13711
13725,121,0,n,,13711
13727,119,0,i,,13711
13728,120,0,p,,13723
13729,123,0,c,,13711
13730,117,0,a,,13723
13732,121,0,n,,13723
13733,118,0,t,,13723
13735,116,0,s,,13723
13734,120,0,p,,13726
13738,120,0,p,,13731
13736,117,0,a,,13726
13740,163,0,ar,,13731
13737,121,0,n,,13726
13742,118,0,t,,13731
13741,118,0,t,,13726
13745,120,0,p,,13739
13746,117,0,a,,13739
13747,118,0,t,,13739
13748,120,0,p,,13743
13749,120,0,p,,13744
13751,117,0,a,,13743
13752,124,0,e,,13744
13756,123,0,ck,,13744
13754,118,0,t,,13743
13755,116,0,s,,13743
13758,120,0,p,,13750
13760,141,0,ee,,13750
13761,120,0,p,,13750
13759,120,0,p,,13753
13762,124,0,e,,13753
13763,120,0,p,,13757
13765,116,0,s,,13753
13767,118,0,t,,13753
13766,119,0,i,,13757
13769,123,0,ck,,13757
13770,120,0,p,,13764
13771,119,0,i,,13764
13774,133,0,ll,,13764
13772,120,0,p,,13768
13776,119,0,i,,13768
13777,120,0,p,,13768
13778,120,0,p,,13773
13780,133,0,l,,13773
13781,137,0,ai,,13773
13783,121,0,n,,13773
13782,120,0,p,,13775
13784,119,0,i,,13775
13786,118,0,t,,13775
13788,120,0,p,,13779
13790,133,0,l,,13779
13791,117,0,a,,13779
13792,121,0,n,,13779
13795,120,0,p,,13789
13796,120,0,p,,13787
13802,133,0,l,,13789
13798,133,0,l,,13787
13801,120,0,p,,13793
13806,131,0,o,,13789
13803,132,0,u,,13787
13805,159,0,ou,,13793
13810,118,0,t,,13789
13808,127,0,m,,13787
13809,120,0,p,,13787
13811,121,0,n,,13793
13814,128,0,d,,13793
13794,120,0,p,,13785
13797,133,0,l,,13785
13799,117,0,a,,13785
13807,116,0,s,,13785
13812,118,0,t,,13785
13813,119,0,i,,13785
13817,123,0,c,,13785
13816,120,0,p,,13804
13819,126,0,r,,13804
13821,119,0,i,,13804
13823,121,0,n,,13804
13826,118,0,t,,13804
13818,120,0,p,,13800
13820,126,0,r,,13800
13825,124,0,e,,13800
13822,120,0,p,,13815
13829,116,0,ss,,13800
13824,126,0,r,,13815
13827,131,0,o,,13815
13828,135,0,b,,13815
13830,133,0,l,,13815
13831,124,0,e,,13815
13832,127,0,m,,13815
13836,120,0,p,,13834
13838,132,0,u,,13834
13840,134,0,ff,,13834
13839,120,0,p,,13835
13842,132,0,u,,13835
13841,120,0,p,,13833
13846,121,0,n,,13835
13845,126,0,r,,13833
13848,119,0,i,,13835
13850,159,0,ou,,13833
13851,154,0,sh,,13835
13852,128,0,d,,13833
13844,158,0,qu,,13837
13849,124,0,e,,13837
13853,121,0,n,,13837
13855,153,0,ch,,13837
13854,158,0,qu,,13843
13859,119,0,i,,13843
13861,123,0,ck,,13843
13856,158,0,qu,,13847
13860,124,0,e,,13847
13862,116,0,s,,13847
13863,118,0,t,,13847
13865,158,0,qu,,13858
13868,119,0,i,,13858
13869,144,0,z,,13858
13870,126,0,r,,13864
13867,158,0,qu,,13857
13872,117,0,a,,13864
13875,123,0,ck,,13864
13871,119,0,i,,13857
13874,118,0,t,,13857
13873,126,0,r,,13866
13878,137,0,ai,,13866
13879,128,0,d,,13866
13880,126,0,r,,13877
13881,126,0,r,,13876
13882,117,0,a,,13877
13884,137,0,ai,,13876
13886,133,0,l,,13876
13885,127,0,m,,13877
13888,126,0,r,,13887
13892,117,0,a,,13887
13895,146,0,ng,,13887
13890,126,0,r,,13883
13891,117,0,a,,13883
13894,127,0,m,,13883
13897,120,0,p,,13883
13896,126,0,r,,13889
13898,117,0,a,,13889
13900,120,0,p,,13889
13901,126,0,r,,13893
13903,117,0,a,,13893
13904,154,0,sh,,13893
13908,126,0,r,,13902
13910,141,0,ee,,13902
13916,134,0,f,,13902
13912,126,0,r,,13905
13915,124,0,e,,13905
13917,116,0,s,,13905
13906,126,0,r,,13899
13919,118,0,t,,13905
13907,124,0,e,,13899
13911,127,0,m,,13899
13913,124,0,e,,13899
13914,127,0,m,,13899
13922,126,0,r,,13909
13920,135,0,b,,13899
13925,124,0,e,,13909
13923,162,0,er,,13899
13926,121,0,n,,13909
13927,118,0,t,,13909
13924,126,0,r,,13918
13928,119,0,i,,13918
13932,153,0,ch,,13918
13931,126,0,r,,13921
13933,119,0,i,,13921
13934,128,0,d,,13921
13936,126,0,r,,13929
13939,119,0,i,,13929
13935,126,0,r,,13930
13941,120,0,p,,13929
13938,119,0,i,,13930
13940,116,0,s,,13930
13942,123,0,k,,13930
13943,126,0,r,,13937
13944,139,0,oa,,13937
13946,116,0,s,,13937
13947,118,0,t,,13937
13950,126,0,r,,13945
13951,131,0,o,,13945
13952,135,0,b,,13945
13953,126,0,r,,13949
13955,159,0,ou,,13949
13957,121,0,n,,13949
13960,128,0,d,,13949
13958,126,0,r,,13948
13961,131,0,o,,13948
13963,118,0,t,,13948
13962,126,0,r,,13954
13966,132,0,u,,13954
13965,126,0,r,,13956
13969,135,0,b,,13954
13968,132,0,u,,13956
13970,116,0,s,,13956
13972,118,0,t,,13956
13967,126,0,r,,13959
13971,132,0,u,,13959
13974,154,0,sh,,13959
13976,116,0,s,,13964
13977,117,0,a,,13964
13978,146,0,ng,,13964
13981,116,0,s,,13975
13985,117,0,a,,13975
13979,116,0,s,,13973
13986,120,0,p,,13975
13980,117,0,a,,13973
13983,121,0,n,,13973
13987,123,0,k,,13973
13988,116,0,s,,13982
13990,123,0,c,,13982
13992,163,0,ar,,13982
13997,116,0,s,,13993
14000,141,0,ee,,13993
13994,116,0,s,,13984
13995,123,0,c,,13984
13996,117,0,a,,13984
14002,135,0,b,,13984
13999,116,0,s,,13991
14005,123,0,c,,13991
13998,116,0,s,,13989
14007,148,0,oo,,13991
14001,123,0,c,,13989
14010,120,0,p,,13991
14004,126,0,r,,13989
14006,117,0,a,,13989
14009,120,0,p,,13989
14011,116,0,s,,14003
14013,141,0,ee,,14003
14015,116,0,s,,14012
14018,141,0,ee,,14012
14014,116,0,s,,14008
14016,119,0,i,,14003
14021,127,0,m,,14012
14019,141,0,ee,,14008
14020,146,0,ng,,14003
14022,123,0,k,,14008
14026,116,0,s,,14023
14029,124,0,e,,14023
14027,116,0,s,,14025
14028,116,0,s,,14017
14033,133,0,ll,,14023
14032,141,0,ee,,14017
14030,124,0,e,,14025
14036,121,0,n,,14017
14035,121,0,n,,14025
14038,128,0,d,,14025
14031,116,0,s,,14024
14037,124,0,e,,14024
14039,133,0,l,,14024
14040,134,0,f,,14024
14041,116,0,s,,14034
14042,124,0,e,,14034
14044,121,0,n,,14034
14046,118,0,t,,14034
14049,154,0,sh,,14045
14051,117,0,a,,14045
14053,133,0,ll,,14045
14048,154,0,sh,,14043
14050,163,0,ar,,14043
14057,120,0,p,,14043
14054,116,0,s,,14047
14055,124,0,e,,14047
14059,118,0,t,,14047
14058,154,0,sh,,14052
14061,141,0,ee,,14052
14063,118,0,t,,14052
14064,154,0,sh,,14056
14066,119,0,i,,14056
14069,121,0,n,,14056
14067,154,0,sh,,14062
14065,154,0,sh,,14060
14071,119,0,i,,14062
14070,119,0,i,,14060
14073,147,0,v,,14062
14072,134,0,f,,14060
14076,162,0,er,,14062
14075,118,0,t,,14060
14077,154,0,sh,,14068
14079,131,0,o,,14068
14081,123,0,ck,,14068
14082,154,0,sh,,14078
14080,154,0,sh,,14074
14086,131,0,o,,14078
14085,148,0,oo,,14074
14087,120,0,pp,,14078
14089,123,0,k,,14074
14088,119,0,i,,14078
14091,146,0,ng,,14078
14090,154,0,sh,,14084
14093,131,0,o,,14084
14094,154,0,sh,,14083
14096,120,0,p,,14084
14095,142,0,or,,14083
14099,118,0,t,,14083
14103,116,0,s,,14097
14100,154,0,sh,,14092
14105,119,0,i,,14097
14101,159,0,ou,,14092
14107,123,0,ck,,14097
14102,118,0,t,,14092
14106,119,0,i,,14092
14108,146,0,ng,,14092
14104,154,0,sh,,14098
14109,132,0,u,,14098
14111,118,0,t,,14098
14116,116,0,s,,14113
14118,119,0,i,,14113
14122,120,0,p,,14113
14117,116,0,s,,14112
14119,116,0,s,,14114
14123,123,0,k,,14114
14121,123,0,k,,14112
14124,119,0,i,,14112
14126,119,0,i,,14114
14129,128,0,d,,14112
14120,116,0,s,,14110
14131,133,0,ll,,14114
14125,119,0,i,,14110
14128,116,0,s,,14115
14127,116,0,s,,14110
14132,133,0,l,,14115
14130,118,0,t,,14110
14133,162,0,er,,14110
14136,117,0,a,,14115
14137,120,0,p,,14115
14140,116,0,s,,14134
14142,133,0,l,,14134
14143,119,0,i,,14134
14146,128,0,d,,14134
14139,116,0,s,,14135
14141,133,0,l,,14135
14144,124,0,e,,14135
14145,116,0,s,,14138
14148,120,0,p,,14135
14149,133,0,l,,14138
14150,118,0,t,,14135
14151,119,0,i,,14138
14152,127,0,m,,14138
14154,116,0,s,,14147
14156,133,0,l,,14147
14158,119,0,i,,14147
14160,146,0,ng,,14147
14159,116,0,s,,14153
14163,133,0,l,,14153
14162,116,0,s,,14155
14164,133,0,l,,14155
14165,119,0,i,,14153
14166,131,0,o,,14155
14167,118,0,t,,14153
14168,116,0,s,,14161
14171,127,0,m,,14161
14169,118,0,t,,14155
14173,163,0,ar,,14161
14170,116,0,s,,14157
14174,127,0,m,,14157
14176,117,0,a,,14157
14175,118,0,t,,14161
14178,123,0,ck,,14157
14179,116,0,s,,14177
14180,127,0,m,,14177
14183,124,0,e,,14177
14185,133,0,ll,,14177
14184,116,0,s,,14172
14186,127,0,m,,14172
14188,116,0,s,,14182
14189,117,0,a,,14172
14190,121,0,n,,14182
14191,154,0,sh,,14172
14192,117,0,a,,14182
14195,130,0,g,,14182
14193,116,0,s,,14181
14196,127,0,m,,14181
14198,148,0,oo,,14181
14202,155,0,th,,14181
14194,116,0,s,,14187
14197,121,0,n,,14187
14201,117,0,a,,14187
14204,120,0,p,,14187
14206,116,0,s,,14199
14207,116,0,s,,14200
14208,121,0,n,,14199
14211,121,0,n,,14200
14209,119,0,i,,14199
14210,116,0,s,,14203
14217,134,0,ff,,14199
14214,159,0,ou,,14200
14212,121,0,n,,14203
14215,116,0,s,,14205
14216,142,0,or,,14203
14220,139,0,oa,,14205
14219,119,0,i,,14203
14223,123,0,k,,14205
14221,146,0,ng,,14203
14218,118,0,t,,14200
14225,116,0,s,,14213
14226,131,0,o,,14213
14228,134,0,f,,14213
14231,118,0,t,,14213
14229,116,0,s,,14224
14232,131,0,o,,14224
14230,116,0,s,,14222
14234,133,0,l,,14224
14233,139,0,oa,,14222
14236,119,0,i,,14224
14235,123,0,k,,14222
14239,128,0,d,,14224
14237,119,0,i,,14222
14240,146,0,ng,,14222
14238,116,0,s,,14227
14247,116,0,s,,14241
14248,148,0,oo,,14241
14242,131,0,o,,14227
14245,146,0,ng,,14227
14249,121,0,n,,14241
14250,116,0,s,,14246
14253,159,0,ou,,14246
14255,126,0,r,,14246
14251,116,0,s,,14243
14252,116,0,s,,14244
14254,159,0,ou,,14243
14258,142,0,or,,14244
14257,121,0,n,,14243
14262,118,0,t,,14244
14260,128,0,d,,14243
14263,116,0,s,,14256
14264,120,0,p,,14256
14265,117,0,a,,14256
14267,121,0,n,,14256
14266,116,0,s,,14261
14268,120,0,p,,14261
14270,117,0,a,,14261
14272,118,0,t,,14261
14269,116,0,s,,14259
14271,120,0,p,,14259
14274,163,0,ar,,14259
14276,123,0,k,,14259
14280,116,0,s,,14275
14282,120,0,p,,14275
14285,141,0,ee,,14275
14287,128,0,d,,14275
14278,116,0,s,,14273
14281,120,0,p,,14273
14283,116,0,s,,14277
14284,141,0,ee,,14273
14291,153,0,ch,,14273
14288,120,0,p,,14277
14289,124,0,e,,14277
14293,133,0,ll,,14277
14290,116,0,s,,14279
14292,120,0,p,,14279
14296,124,0,e,,14279
14298,121,0,n,,14279
14299,128,0,d,,14279
14295,116,0,s,,14286
14301,120,0,p,,14286
14302,124,0,e,,14286
14303,121,0,n,,14286
14304,118,0,t,,14286
14305,116,0,s,,14294
14308,120,0,p,,14294
14306,116,0,s,,14297
14312,119,0,i,,14294
14307,116,0,s,,14300
14309,120,0,p,,14297
14315,133,0,ll,,14294
14311,120,0,p,,14300
14313,140,0,ie,,14297
14314,119,0,i,,14300
14316,128,0,d,,14297
14317,118,0,t,,14300
14321,116,0,s,,14319
14322,120,0,p,,14319
14318,116,0,s,,14310
14326,133,0,l,,14319
14320,120,0,p,,14310
14323,133,0,l,,14310
14327,124,0,e,,14310
14329,121,0,n,,14310
14328,119,0,i,,14319
14330,121,0,n,,14319
14332,128,0,d,,14310
14333,118,0,t,,14319
14334,162,0,er,,14319
14335,119,0,i,,14310
14338,128,0,d,,14310
14336,116,0,s,,14325
14339,120,0,p,,14325
14342,142,0,or,,14325
14344,118,0,t,,14325
14349,116,0,s,,14340
14337,116,0,s,,14324
14350,118,0,t,,14340
14352,117,0,a,,14340
14341,120,0,p,,14324
14355,123,0,ck,,14340
14343,133,0,l,,14324
14353,116,0,s,,14345
14346,116,0,s,,14331
14351,119,0,i,,14324
14356,118,0,t,,14345
14358,141,0,ee,,14345
14354,118,0,t,,14324
14361,120,0,p,,14345
14347,120,0,p,,14331
14357,160,0,oi,,14331
14359,133,0,l,,14331
14360,116,0,s,,14348
14362,118,0,t,,14348
14364,163,0,ar,,14348
14365,118,0,t,,14348
14366,116,0,s,,14363
14368,118,0,t,,14363
14370,124,0,e,,14363
14372,120,0,p,,14363
14371,116,0,s,,14367
14374,118,0,t,,14367
14377,119,0,i,,14367
14380,134,0,ff,,14367
14376,116,0,s,,14369
14378,118,0,t,,14369
14381,119,0,i,,14369
14382,121,0,n,,14369
14385,123,0,k,,14369
14384,116,0,s,,14379
14383,116,0,s,,14373
14388,118,0,t,,14379
14386,118,0,t,,14373
14391,126,0,r,,14379
14390,126,0,r,,14373
14392,137,0,ai,,14373
14395,121,0,n,,14373
14393,117,0,a,,14379
14396,120,0,p,,14379
14394,116,0,s,,14375
14397,118,0,t,,14375
14398,119,0,i,,14375
14400,133,0,ll,,14375
14399,116,0,s,,14387
14402,118,0,t,,14387
14401,116,0,s,,14389
14405,126,0,r,,14387
14408,124,0,e,,14387
14403,118,0,t,,14389
14404,126,0,r,,14389
14409,116,0,ss,,14387
14410,119,0,i,,14389
14411,123,0,c,,14389
14412,118,0,t,,14389
14413,116,0,s,,14407
14414,118,0,t,,14407
14415,132,0,u,,14407
14418,127,0,m,,14407
14420,120,0,p,,14407
14416,116,0,s,,14406
14419,118,0,t,,14406
14421,132,0,u,,14406
14423,123,0,ck,,14406
14425,116,0,s,,14417
14427,118,0,t,,14417
14428,132,0,u,,14417
14429,146,0,ng,,14417
14430,116,0,s,,14422
14431,116,0,s,,14424
14432,132,0,u,,14422
14433,132,0,u,,14424
14435,153,0,ch,,14422
14436,123,0,ck,,14424
14434,116,0,s,,14426
14438,132,0,u,,14426
14439,133,0,l,,14426
14440,123,0,k,,14426
14442,116,0,s,,14437
14444,132,0,u,,14437
14447,146,0,ng,,14437
14446,116,0,s,,14441
14448,132,0,u,,14441
14450,116,0,s,,14443
14453,145,0,w,,14443
14449,121,0,n,,14441
14458,117,0,a,,14443
14452,118,0,t,,14441
14460,127,0,m,,14443
14456,117,0,a,,14441
14457,121,0,n,,14441
14454,116,0,s,,14445
14459,145,0,w,,14445
14462,118,0,t,,14451
14467,117,0,a,,14451
14464,141,0,ee,,14445
14466,118,0,t,,14445
14470,118,0,t,,14463
14472,130,0,g,,14451
14465,116,0,s,,14455
14473,117,0,a,,14463
14476,121,0,n,,14463
14468,145,0,w,,14455
14471,132,0,u,,14455
14475,146,0,ng,,14455
14469,116,0,s,,14461
14474,145,0,w,,14461
14477,124,0,e,,14461
14478,120,0,p,,14461
14480,118,0,t,,14461
14483,118,0,t,,14481
14485,118,0,t,,14479
14486,117,0,a,,14481
14487,117,0,a,,14479
14488,120,0,p,,14481
14492,120,0,p,,14479
14491,116,0,s,,14481
14490,118,0,t,,14482
14495,124,0,e,,14482
14499,133,0,ll,,14482
14497,118,0,t,,14489
14500,124,0,e,,14489
14494,118,0,t,,14484
14503,121,0,n,,14489
14496,124,0,e,,14484
14504,155,0,th,,14489
14501,127,0,m,,14484
14505,120,0,p,,14484
14502,118,0,t,,14493
14506,162,0,er,,14484
14507,117,0,a,,14493
14509,152,0,x,,14493
14511,155,0,th,,14508
14512,117,0,a,,14508
14513,121,0,n,,14508
14510,118,0,t,,14498
14514,124,0,e,,14498
14515,116,0,s,,14498
14518,118,0,t,,14498
14519,155,0,th,,14517
14524,117,0,a,,14517
14525,118,0,t,,14517
14521,155,0,th,,14516
14527,124,0,e,,14516
14526,155,0,th,,14522
14531,124,0,e,,14522
14534,121,0,n,,14522
14530,155,0,th,,14523
14532,127,0,m,,14516
14533,119,0,i,,14523
14537,123,0,ck,,14523
14539,155,0,th,,14528
14540,119,0,i,,14528
14541,146,0,ng,,14528
14529,155,0,th,,14520
14536,124,0,e,,14520
14538,134,0,f,,14520
14542,118,0,t,,14520
14544,155,0,th,,14535
14545,119,0,i,,14535
14547,121,0,n,,14535
14546,155,0,th,,14543
14548,119,0,i,,14543
14549,116,0,s,,14543
14554,155,0,th,,14551
14552,155,0,th,,14550
14558,132,0,u,,14551
14560,128,0,d,,14551
14556,126,0,r,,14550
14559,131,0,o,,14550
14561,135,0,b,,14550
14562,118,0,t,,14553
14565,119,0,i,,14553
14567,133,0,l,,14553
14569,118,0,t,,14553
14566,118,0,t,,14555
14570,140,0,ie,,14555
14572,128,0,d,,14555
14564,155,0,th,,14557
14574,118,0,t,,14563
14568,132,0,u,,14557
14575,119,0,i,,14563
14573,127,0,m,,14557
14576,120,0,p,,14557
14579,121,0,n,,14563
14577,118,0,t,,14571
14580,119,0,i,,14571
14581,121,0,n,,14571
14582,116,0,s,,14571
14583,124,0,e,,14571
14584,133,0,l,,14571
14592,118,0,t,,14586
14594,160,0,oi,,14586
14599,133,0,l,,14586
14591,118,0,t,,14585
14590,118,0,t,,14587
14595,119,0,i,,14585
14596,119,0,i,,14587
14598,120,0,p,,14585
14601,118,0,t,,14589
14603,116,0,s,,14585
14605,148,0,oo,,14589
14600,120,0,p,,14587
14588,118,0,t,,14578
14593,119,0,i,,14578
14597,121,0,n,,14578
14604,134,0,f,,14578
14606,160,0,oi,,14578
14607,133,0,l,,14578
14609,118,0,t,,14602
14610,148,0,oo,,14602
14612,123,0,k,,14602
14614,118,0,t,,14608
14615,148,0,oo,,14608
14617,118,0,t,,14608
14613,118,0,t,,14611
14616,142,0,or,,14611
14621,153,0,ch,,14611
14624,118,0,t,,14620
14625,126,0,r,,14620
14626,118,0,t,,14619
14628,117,0,a,,14620
14632,142,0,or,,14619
14634,120,0,p,,14620
14636,121,0,n,,14619
14627,118,0,t,,14623
14633,126,0,r,,14623
14629,118,0,t,,14618
14637,117,0,a,,14623
14635,126,0,r,,14618
14640,137,0,ai,,14618
14631,118,0,t,,14622
14638,123,0,ck,,14623
14643,133,0,l,,14618
14639,126,0,r,,14622
14641,117,0,a,,14622
14644,127,0,m,,14622
14646,120,0,p,,14622
14642,118,0,t,,14630
14645,126,0,r,,14630
14647,117,0,a,,14630
14648,147,0,v,,14630
14649,124,0,e,,14630
14651,133,0,l,,14630
14653,118,0,t,,14650
14654,126,0,r,,14650
14656,140,0,ie,,14650
14657,128,0,d,,14650
14655,118,0,t,,14652
14658,126,0,r,,14652
14662,119,0,i,,14652
14664,123,0,ck,,14652
14666,118,0,t,,14659
14668,126,0,r,,14659
14667,118,0,t,,14663
14665,118,0,t,,14661
14672,119,0,i,,14659
14670,126,0,r,,14663
14669,126,0,r,,14661
14676,127,0,m,,14659
14675,131,0,o,,14663
14673,131,0,o,,14661
14677,118,0,t,,14663
14679,128,0,d,,14661
14674,118,0,t,,14660
14678,126,0,r,,14660
14680,119,0,i,,14660
14683,120,0,p,,14660
14681,118,0,t,,14671
14684,126,0,r,,14671
14686,132,0,u,,14671
14687,116,0,s,,14671
14688,118,0,t,,14671
14689,118,0,t,,14685
14690,132,0,u,,14685
14692,134,0,f,,14685
14694,118,0,t,,14685
14691,118,0,t,,14682
14695,132,0,u,,14682
14698,123,0,ck,,14682
14699,118,0,t,,14693
14700,145,0,w,,14693
14701,119,0,i,,14693
14703,116,0,s,,14693
14707,118,0,t,,14693
14706,118,0,t,,14696
14709,132,0,u,,14696
14712,130,0,g,,14696
14702,132,0,u,,14697
14704,121,0,n,,14697
14708,128,0,d,,14697
14711,162,0,er,,14697
14713,116,0,s,,14697
14714,118,0,t,,14697
14716,117,0,a,,14697
14717,121,0,n,,14697
14718,128,0,d,,14697
14720,132,0,u,,14710
14722,121,0,n,,14710
14725,133,0,l,,14710
14715,132,0,u,,14705
14728,124,0,e,,14710
14719,121,0,n,,14705
14721,128,0,d,,14705
14723,126,0,r,,14705
14730,124,0,e,,14705
14731,116,0,ss,,14705
14729,116,0,ss,,14710
14732,132,0,u,,14726
14734,121,0,n,,14726
14735,133,0,l,,14726
14738,131,0,o,,14726
14733,132,0,u,,14727
14742,123,0,ck,,14726
14736,121,0,n,,14727
14740,120,0,p,,14727
14743,133,0,l,,14727
14745,132,0,u,,14727
14747,130,0,g,,14727
14737,132,0,u,,14724
14744,121,0,n,,14724
14746,120,0,p,,14724
14749,117,0,a,,14724
14752,123,0,ck,,14724
14748,132,0,u,,14741
14750,121,0,n,,14741
14753,118,0,t,,14741
14755,140,0,ie,,14741
14751,132,0,u,,14739
14758,128,0,d,,14741
14754,121,0,n,,14739
14756,118,0,t,,14739
14759,119,0,i,,14739
14760,133,0,l,,14739
14765,132,0,u,,14761
14767,116,0,s,,14761
14762,132,0,u,,14757
14764,121,0,n,,14757
14766,145,0,w,,14757
14769,124,0,e,,14757
14770,133,0,ll,,14757
14768,132,0,u,,14763
14774,120,0,p,,14763
14775,131,0,o,,14763
14778,121,0,n,,14763
14779,147,0,v,,14773
14781,147,0,v,,14772
14780,117,0,a,,14773
14782,133,0,l,,14773
14785,117,0,a,,14772
14777,147,0,v,,14771
14786,161,0,ue,,14773
14787,118,0,t,,14772
14783,137,0,ai,,14771
14788,121,0,n,,14771
14790,147,0,v,,14776
14791,124,0,e,,14776
14792,147,0,v,,14789
14793,133,0,l,,14776
14796,162,0,er,,14789
14794,147,0,v,,14776
14799,135,0,b,,14789
14797,124,0,e,,14776
14800,118,0,t,,14776
14795,147,0,v,,14784
14801,124,0,e,,14784
14802,121,0,n,,14784
14803,118,0,t,,14784
14805,147,0,v,,14798
14806,124,0,e,,14798
14808,116,0,s,,14798
14809,118,0,t,,14798
14811,147,0,v,,14804
14813,119,0,i,,14804
14815,116,0,s,,14804
14816,119,0,i,,14804
14817,118,0,t,,14804
14814,147,0,v,,14807
14818,119,0,i,,14807
14819,147,0,v,,14807
14820,119,0,i,,14807
14822,147,0,v,,14810
14824,128,0,d,,14807
14827,160,0,oi,,14810
14821,145,0,w,,14812
14828,128,0,d,,14810
14826,117,0,a,,14812
14829,130,0,g,,14812
14830,145,0,w,,14823
14831,145,0,w,,14825
14834,137,0,ai,,14823
14833,137,0,ai,,14825
14836,118,0,t,,14823
14835,116,0,s,,14825
14837,118,0,t,,14825
14838,145,0,w,,14832
14840,137,0,ai,,14832
14842,118,0,t,,14832
14843,162,0,er,,14832
14844,145,0,w,,14841
14845,145,0,w,,14839
14846,141,0,ee,,14841
14851,123,0,k,,14841
14847,117,0,a,,14839
14850,152,0,x,,14839
14859,145,0,w,,14852
14855,145,0,w,,14849
14861,124,0,e,,14852
14858,141,0,ee,,14849
14864,121,0,n,,14852
14869,118,0,t,,14852
14853,145,0,w,,14848
14862,120,0,p,,14849
14865,145,0,w,,14854
14866,145,0,w,,14856
14857,141,0,ee,,14848
14867,119,0,i,,14849
14871,119,0,i,,14854
14860,123,0,k,,14848
14872,146,0,ng,,14849
14863,124,0,e,,14848
14870,124,0,e,,14856
14868,121,0,n,,14848
14874,118,0,t,,14856
14875,130,0,g,,14854
14873,128,0,d,,14848
14878,145,0,w,,14877
14879,145,0,w,,14876
14881,119,0,i,,14877
14882,119,0,i,,14876
14884,121,0,n,,14877
14883,133,0,ll,,14876
14885,145,0,w,,14880
14887,119,0,i,,14880
14888,121,0,nn,,14880
14889,162,0,er,,14880
14894,145,0,w,,14886
14895,119,0,i,,14886
14900,154,0,sh,,14886
14896,145,0,w,,14891
14901,142,0,or,,14891
14904,121,0,n,,14891
14897,151,0,y,,14893
14898,145,0,w,,14890
14903,119,0,i,,14890
14899,117,0,a,,14893
14905,155,0,th,,14890
14909,120,0,p,,14893
14908,159,0,ou,,14890
14902,145,0,w,,14892
14910,118,0,t,,14890
14907,119,0,i,,14892
14911,155,0,th,,14892
14914,151,0,y,,14906
14915,151,0,y,,14912
14918,124,0,e,,14912
14920,133,0,l,,14912
14916,151,0,y,,14913
14917,163,0,ar,,14906
14924,120,0,p,,14912
14923,124,0,e,,14913
14925,133,0,ll,,14913
14919,128,0,d,,14906
14928,151,0,y,,14921
14929,124,0,e,,14921
14933,118,0,t,,14921
14930,151,0,y,,14922
14932,144,0,z,,14926
14934,144,0,z,,14927
14935,119,0,i,,14926
14936,124,0,e,,14922
14937,117,0,a,,14927
14940,118,0,t,,14926
14941,120,0,p,,14927
14938,116,0,s,,14922
14939,151,0,y,,14931
14942,132,0,u,,14931
14943,123,0,ck,,14931
14947,144,0,z,,14944
14948,148,0,oo,,14944
14951,127,0,m,,14944
14953,117,0,a,,14946
14955,128,0,dd,,14946
14949,117,0,a,,14945
14950,128,0,d,,14945
14954,132,0,u,,14945
14958,133,0,l,,14945
14959,118,0,t,,14945
14965,163,0,ar,,14957
14969,153,0,ch,,14957
14962,117,0,a,,14956
14963,121,0,n,,14956
14968,163,0,ar,,14960
14964,163,0,ar,,14952
14971,127,0,m,,14960
14967,123,0,k,,14952
14966,118,0,t,,14956
14970,163,0,ar,,14961
14972,118,0,t,,14961
14976,135,0,b,,14974
14979,117,0,a,,14974
14980,130,0,g,,14974
14977,117,0,a,,14973
14978,147,0,v,,14973
14981,160,0,oi,,14973
14984,128,0,d,,14973
14982,135,0,b,,14975
14985,163,0,ar,,14975
14990,121,0,n,,14975
14992,135,0,b,,14988
14994,135,0,b,,14987
14997,124,0,e,,14988
14993,135,0,b,,14989
14999,117,0,a,,14987
15001,128,0,d,,14988
15000,124,0,e,,14989
15005,133,0,ll,,14989
15004,118,0,t,,14987
14996,135,0,b,,14983
14991,135,0,b,,14986
14995,124,0,e,,14986
15002,141,0,ee,,14983
14998,128,0,d,,14986
15003,126,0,r,,14986
15006,148,0,oo,,14986
15008,127,0,m,,14986
15010,135,0,b,,15007
15011,124,0,e,,15007
15014,133,0,l,,15007
15016,118,0,t,,15007
15013,135,0,b,,15009
15015,124,0,e,,15009
15019,121,0,n,,15009
15020,153,0,ch,,15009
15023,135,0,b,,15017
15024,119,0,i,,15017
15028,121,0,n,,15017
15026,135,0,b,,15012
15027,135,0,b,,15021
15031,119,0,i,,15012
15030,133,0,l,,15021
15040,133,0,ll,,15012
15033,135,0,b,,15022
15035,117,0,a,,15021
15036,133,0,l,,15022
15039,123,0,ck,,15021
15041,141,0,ee,,15022
15044,128,0,d,,15022
15029,135,0,b,,15018
15034,135,0,b,,15025
15032,133,0,l,,15018
15038,133,0,l,,15025
15037,117,0,a,,15018
15042,124,0,e,,15025
15043,121,0,n,,15018
15045,121,0,n,,15025
15047,128,0,d,,15025
15046,123,0,k,,15018
15051,162,0,er,,15025
15048,124,0,e,,15018
15050,118,0,t,,15018
15053,135,0,b,,15049
15054,133,0,l,,15049
15055,119,0,i,,15049
15057,121,0,n,,15049
15058,123,0,k,,15049
15059,135,0,b,,15056
15061,133,0,l,,15056
15063,131,0,o,,15056
15066,121,0,n,,15056
15068,128,0,d,,15056
15060,135,0,b,,15052
15062,133,0,l,,15052
15064,131,0,o,,15052
15070,123,0,ck,,15052
15074,135,0,b,,15069
15077,160,0,oi,,15069
15073,135,0,b,,15067
15080,133,0,l,,15069
15075,133,0,l,,15067
15078,148,0,oo,,15067
15076,135,0,b,,15065
15081,139,0,oa,,15065
15083,127,0,m,,15067
15085,118,0,t,,15065
15079,135,0,b,,15072
15082,135,0,b,,15071
15084,133,0,l,,15072
15086,160,0,oi,,15071
15087,131,0,o,,15072
15088,133,0,l,,15071
15089,116,0,ss,,15072
15090,119,0,i,,15071
15091,131,0,o,,15072
15093,146,0,ng,,15071
15092,127,0,m,,15072
15097,135,0,b,,15096
15098,131,0,o,,15096
15100,135,0,b,,15094
15101,118,0,tt,,15096
15103,148,0,oo,,15094
15102,131,0,o,,15096
15104,127,0,m,,15096
15106,123,0,k,,15094
15105,135,0,b,,15095
15109,148,0,oo,,15095
15111,118,0,t,,15095
15108,135,0,b,,15099
15112,131,0,o,,15099
15113,152,0,x,,15099
15114,135,0,b,,15107
15118,126,0,r,,15107
15120,137,0,ai,,15107
15123,121,0,n,,15107
15121,135,0,b,,15115
15124,126,0,r,,15115
15117,135,0,b,,15110
15126,119,0,i,,15115
15119,131,0,o,,15110
15129,123,0,ck,,15115
15125,135,0,b,,15116
15122,152,0,x,,15110
15128,126,0,r,,15116
15127,119,0,i,,15110
15130,146,0,ng,,15110
15131,148,0,oo,,15116
15132,127,0,m,,15116
15137,135,0,b,,15134
15139,132,0,u,,15134
15140,123,0,ck,,15134
15142,124,0,e,,15134
15146,118,0,t,,15134
15145,135,0,b,,15136
15143,135,0,b,,15135
15150,132,0,u,,15136
15149,126,0,r,,15135
15153,128,0,d,,15136
15152,132,0,u,,15135
15155,154,0,sh,,15135
15138,135,0,b,,15133
15141,126,0,r,,15133
15160,135,0,b,,15147
15144,148,0,oo,,15133
15162,132,0,u,,15147
15148,127,0,m,,15133
15166,130,0,g,,15147
15151,116,0,s,,15133
15154,118,0,t,,15133
15159,119,0,i,,15133
15161,123,0,ck,,15133
15165,135,0,b,,15158
15164,135,0,b,,15157
15169,132,0,u,,15157
15168,132,0,u,,15158
15172,133,0,l,,15157
15171,127,0,m,,15158
15175,120,0,p,,15158
15174,135,0,b,,15157
15163,135,0,b,,15156
15167,132,0,u,,15156
15170,127,0,m,,15156
15173,120,0,p,,15156
15176,162,0,er,,15156
15180,135,0,b,,15177
15181,132,0,u,,15177
15182,121,0,n,,15177
15186,135,0,b,,15179
15185,153,0,ch,,15177
15187,132,0,u,,15179
15191,121,0,n,,15179
15184,135,0,b,,15178
15188,132,0,u,,15178
15192,121,0,n,,15178
15194,123,0,k,,15178
15196,135,0,b,,15189
15193,135,0,b,,15183
15198,132,0,u,,15189
15195,132,0,u,,15183
15201,116,0,s,,15189
15197,118,0,tt,,15183
15202,162,0,er,,15183
15199,135,0,b,,15190
15200,132,0,u,,15190
15205,118,0,tt,,15190
15206,162,0,er,,15190
15207,123,0,c,,15190
15212,135,0,b,,15204
15208,132,0,u,,15190
15215,132,0,u,,15204
15209,120,0,p,,15190
15216,144,0,zz,,15204
15210,135,0,b,,15203
15213,132,0,u,,15203
15214,118,0,tt,,15203
15217,131,0,o,,15203
15218,121,0,n,,15203
15219,135,0,b,,15211
15221,132,0,u,,15211
15223,144,0,zz,,15211
15225,119,0,i,,15211
15226,146,0,ng,,15211
15228,123,0,c,,15222
15231,117,0,a,,15222
15229,123,0,c,,15224
15232,135,0,b,,15222
15230,117,0,a,,15224
15233,120,0,p,,15224
15234,123,0,c,,15227
15238,163,0,ar,,15227
15236,123,0,c,,15220
15239,117,0,a,,15220
15240,123,0,c,,15237
15241,121,0,n,,15220
15242,163,0,ar,,15237
15244,128,0,d,,15237
15243,123,0,c,,15235
15246,117,0,a,,15235
15248,126,0,r,,15235
15249,117,0,a,,15235
15250,147,0,v,,15235
15251,117,0,a,,15235
15252,121,0,n,,15235
15254,123,0,c,,15247
15257,163,0,ar,,15247
15259,123,0,c,,15253
15260,118,0,t,,15247
15263,117,0,a,,15253
15265,118,0,t,,15253
15256,123,0,c,,15245
15258,117,0,a,,15245
15262,126,0,rr,,15245
15264,131,0,o,,15245
15266,118,0,t,,15245
15267,123,0,c,,15255
15269,163,0,ar,,15255
15272,153,0,ch,,15261
15271,118,0,t,,15255
15274,153,0,ch,,15268
15275,137,0,ai,,15261
15273,148,0,oo,,15255
15277,124,0,e,,15268
15278,121,0,n,,15261
15279,123,0,ck,,15268
15276,121,0,n,,15255
15280,153,0,ch,,15270
15282,163,0,ar,,15270
15283,118,0,t,,15270
15286,153,0,ch,,15281
15288,141,0,ee,,15281
15290,123,0,c,,15281
15289,153,0,ch,,15284
15292,124,0,e,,15284
15293,153,0,ch,,15285
15294,116,0,s,,15284
15291,153,0,ch,,15287
15297,118,0,t,,15284
15298,119,0,i,,15287
15296,124,0,e,,15285
15301,123,0,ck,,15287
15300,116,0,ss,,15285
15306,153,0,ch,,15303
15308,119,0,i,,15303
15312,127,0,m,,15303
15304,153,0,ch,,15295
15314,120,0,p,,15303
15305,119,0,i,,15295
15307,133,0,l,,15295
15309,153,0,ch,,15299
15311,128,0,d,,15295
15319,119,0,i,,15299
15313,126,0,r,,15295
15323,133,0,ll,,15299
15317,124,0,e,,15295
15310,153,0,ch,,15302
15318,121,0,n,,15295
15316,119,0,i,,15302
15320,123,0,ck,,15302
15321,124,0,e,,15302
15324,121,0,n,,15302
15329,153,0,ch,,15322
15331,119,0,i,,15322
15334,121,0,n,,15322
15326,153,0,ch,,15315
15327,119,0,i,,15315
15330,127,0,m,,15315
15332,120,0,p,,15315
15333,117,0,a,,15315
15335,123,0,c,,15325
15336,121,0,n,,15315
15337,144,0,z,,15315
15340,133,0,l,,15325
15339,141,0,ee,,15315
15342,117,0,a,,15325
15343,120,0,p,,15325
15338,153,0,ch,,15328
15341,131,0,o,,15328
15344,120,0,p,,15328
15346,116,0,s,,15328
15348,118,0,t,,15328
15349,119,0,i,,15328
15351,123,0,c,,15345
15356,133,0,l,,15345
15358,119,0,i,,15345
15352,123,0,ck,,15328
15361,134,0,ff,,15345
15353,116,0,s,,15328
15355,123,0,c,,15347
15357,133,0,l,,15347
15362,119,0,i,,15347
15360,123,0,c,,15350
15366,120,0,p,,15347
15363,133,0,l,,15350
15364,123,0,c,,15354
15365,133,0,l,,15354
15367,139,0,oa,,15350
15368,123,0,k,,15350
15369,119,0,i,,15354
15371,146,0,ng,,15354
15370,123,0,c,,15359
15373,133,0,l,,15359
15376,131,0,o,,15359
15377,123,0,ck,,15359
15375,123,0,c,,15372
15381,123,0,c,,15374
15383,133,0,l,,15374
15378,133,0,l,,15372
15385,131,0,o,,15374
15386,155,0,th,,15374
15380,131,0,o,,15372
15388,123,0,c,,15382
15384,130,0,g,,15372
15390,139,0,oa,,15382
15389,123,0,c,,15379
15392,118,0,t,,15382
15391,133,0,l,,15379
15393,123,0,c,,15387
15395,133,0,l,,15387
15398,132,0,u,,15387
15399,135,0,b,,15387
15394,159,0,ou,,15379
15397,128,0,d,,15379
15400,123,0,c,,15396
15402,131,0,o,,15396
15403,135,0,b,,15396
15405,145,0,w,,15396
15406,124,0,e,,15396
15408,135,0,b,,15396
15407,123,0,c,,15401
15409,131,0,o,,15401
15411,128,0,d,,15401
15415,123,0,c,,15404
15416,123,0,c,,15410
15420,131,0,o,,15404
15417,123,0,c,,15412
15418,160,0,oi,,15410
15422,130,0,g,,15404
15419,131,0,o,,15412
15421,133,0,l,,15410
15424,134,0,ff,,15412
15426,124,0,ee,,15412
15423,123,0,c,,15413
15429,123,0,c,,15414
15425,131,0,o,,15413
15431,160,0,oi,,15414
15427,127,0,m,,15413
15432,121,0,n,,15414
15428,119,0,i,,15413
15430,123,0,c,,15413
15435,123,0,c,,15433
15438,148,0,oo,,15433
15437,123,0,c,,15434
15439,123,0,k,,15433
15440,142,0,or,,15434
15442,123,0,k,,15434
15441,123,0,c,,15436
15443,142,0,or,,15436
15445,121,0,n,,15436
15450,123,0,c,,15446
15452,142,0,or,,15446
15456,121,0,n,,15446
15449,123,0,c,,15444
15454,123,0,c,,15448
15459,162,0,er,,15446
15460,123,0,c,,15447
15451,131,0,o,,15444
15457,159,0,ou,,15448
15462,159,0,ou,,15447
15455,118,0,tt,,15444
15461,121,0,n,,15448
15466,153,0,ch,,15447
15458,131,0,o,,15444
15465,121,0,n,,15444
15463,118,0,t,,15448
15467,123,0,c,,15453
15468,126,0,r,,15453
15470,117,0,a,,15453
15472,135,0,b,,15453
15471,123,0,c,,15464
15473,126,0,r,,15464
15475,117,0,a,,15464
15476,123,0,ck,,15464
15479,162,0,er,,15464
15480,123,0,c,,15474
15483,126,0,r,,15474
15477,123,0,c,,15469
15487,141,0,ee,,15474
15481,126,0,r,,15469
15489,120,0,p,,15474
15484,117,0,a,,15469
15488,123,0,ck,,15469
15490,123,0,c,,15482
15493,126,0,r,,15482
15491,123,0,c,,15478
15492,123,0,c,,15485
15497,124,0,e,,15482
15494,126,0,r,,15478
15496,126,0,r,,15485
15499,131,0,o,,15485
15498,119,0,i,,15478
15495,123,0,c,,15486
15502,116,0,ss,,15482
15504,116,0,ss,,15485
15503,135,0,b,,15478
15501,126,0,r,,15486
15505,140,0,ie,,15486
15506,128,0,d,,15486
15507,123,0,c,,15500
15508,126,0,r,,15500
15509,132,0,u,,15500
15510,116,0,s,,15500
15511,118,0,t,,15500
15515,123,0,c,,15512
15518,161,0,ue,,15512
15516,123,0,c,,15513
15517,132,0,u,,15513
15519,123,0,c,,15514
15520,118,0,t,,15513
15521,132,0,u,,15514
15526,128,0,d,,15522
15524,120,0,p,,15514
15528,117,0,a,,15522
15529,128,0,d,,15522
15530,128,0,d,,15525
15531,141,0,ee,,15525
15533,126,0,r,,15525
15532,128,0,d,,15527
15534,163,0,ar,,15527
15538,118,0,t,,15527
15535,128,0,d,,15523
15536,117,0,a,,15523
15539,134,0,ff,,15523
15540,131,0,o,,15523
15541,128,0,d,,15523
15544,119,0,i,,15523
15545,133,0,l,,15523
15548,128,0,d,,15542
15551,140,0,ie,,15542
15546,128,0,d,,15537
15547,124,0,e,,15537
15550,121,0,n,,15537
15553,118,0,t,,15537
15554,119,0,i,,15537
15556,116,0,s,,15537
15558,118,0,t,,15537
15555,128,0,d,,15543
15559,124,0,e,,15543
15557,128,0,d,,15549
15561,116,0,s,,15543
15563,123,0,k,,15543
15560,119,0,i,,15549
15562,121,0,nn,,15549
15564,162,0,er,,15549
15567,128,0,d,,15552
15568,119,0,i,,15552
15569,130,0,g,,15552
15570,128,0,d,,15565
15572,131,0,o,,15565
15573,123,0,c,,15565
15575,118,0,t,,15565
15579,142,0,or,,15565
15574,128,0,d,,15566
15576,128,0,d,,15571
15578,119,0,i,,15566
15580,131,0,o,,15571
15581,154,0,sh,,15566
15583,130,0,g,,15571
15584,128,0,d,,15577
15588,131,0,o,,15577
15589,133,0,ll,,15577
15587,128,0,d,,15582
15591,131,0,o,,15582
15593,118,0,t,,15582
15590,128,0,d,,15585
15592,126,0,r,,15585
15595,137,0,ai,,15585
15597,121,0,n,,15585
15594,128,0,d,,15586
15598,126,0,r,,15586
15599,117,0,a,,15586
15600,130,0,g,,15586
15602,131,0,o,,15586
15603,121,0,n,,15586
15601,128,0,d,,15596
15605,126,0,r,,15596
15606,124,0,e,,15596
15608,121,0,n,,15596
15609,153,0,ch,,15596
15613,128,0,d,,15607
15616,126,0,r,,15607
15618,131,0,o,,15607
15621,120,0,p,,15607
15614,128,0,d,,15610
15622,128,0,d,,15612
15625,132,0,u,,15612
15628,123,0,ck,,15612
15615,128,0,d,,15604
15619,126,0,r,,15604
15623,124,0,e,,15604
15626,116,0,ss,,15604
15617,126,0,r,,15610
15624,132,0,u,,15610
15627,127,0,m,,15610
15629,128,0,d,,15611
15631,126,0,r,,15611
15633,119,0,i,,15611
15632,128,0,d,,15620
15636,120,0,p,,15611
15635,132,0,u,,15620
15639,130,0,g,,15620
15634,128,0,d,,15630
15637,132,0,u,,15630
15638,116,0,s,,15630
15640,118,0,t,,15630
15642,162,0,er,,15630
15643,141,0,ee,,15641
15644,133,0,l,,15641
15648,124,0,e,,15645
15651,130,0,gg,,15645
15650,124,0,e,,15646
15652,152,0,x,,15646
15655,117,0,a,,15646
15657,127,0,m,,15646
15654,124,0,e,,15647
15658,130,0,gg,,15647
15659,154,0,sh,,15647
15661,124,0,e,,15647
15664,134,0,f,,15653
15665,133,0,ll,,15647
15667,117,0,a,,15653
15660,124,0,e,,15649
15669,121,0,n,,15653
15666,124,0,e,,15656
15671,133,0,l,,15656
15673,134,0,f,,15656
15672,134,0,f,,15662
15663,152,0,x,,15649
15675,163,0,ar,,15662
15668,119,0,i,,15649
15670,118,0,t,,15649
15676,127,0,m,,15662
15678,134,0,f,,15674
15681,163,0,ar,,15674
15679,134,0,f,,15677
15683,127,0,m,,15674
15680,163,0,ar,,15677
15686,162,0,er,,15674
15682,127,0,m,,15677
15685,151,0,y,,15677
15687,163,0,ar,,15677
15688,128,0,d,,15677
15695,134,0,f,,15684
15698,141,0,ee,,15684
15694,134,0,f,,15689
15697,119,0,i,,15689
15700,134,0,f,,15690
15703,118,0,t,,15684
15702,133,0,l,,15689
15704,119,0,i,,15690
15708,121,0,n,,15690
15706,127,0,m,,15689
15696,134,0,f,,15693
15705,134,0,f,,15691
15710,119,0,i,,15691
15699,134,0,f,,15692
15701,119,0,i,,15693
15707,119,0,i,,15692
15713,130,0,g,,15691
15712,154,0,sh,,15692
15709,116,0,s,,15693
15711,118,0,t,,15693
15716,134,0,f,,15714
15717,119,0,i,,15714
15718,144,0,zz,,15714
15719,134,0,f,,15715
15720,119,0,i,,15715
15721,152,0,x,,15715
15726,134,0,f,,15722
15728,133,0,l,,15722
15730,131,0,o,,15722
15732,123,0,ck,,15722
15731,134,0,f,,15723
15735,134,0,f,,15727
15734,134,0,f,,15724
15733,133,0,l,,15723
15738,133,0,l,,15724
15739,139,0,oa,,15727
15737,139,0,oa,,15723
15744,133,0,l,,15727
15742,134,0,f,,15729
15736,134,0,f,,15725
15745,148,0,oo,,15729
15740,133,0,l,,15725
15748,128,0,d,,15729
15746,159,0,ou,,15725
15750,126,0,r,,15725
15741,118,0,t,,15723
15743,117,0,a,,15724
15747,130,0,g,,15724
15752,134,0,f,,15749
15753,148,0,oo,,15749
15755,133,0,l,,15749
15754,134,0,f,,15751
15757,148,0,oo,,15751
15758,118,0,t,,15751
15765,134,0,f,,15760
15771,142,0,or,,15760
15773,123,0,k,,15760
15763,134,0,f,,15756
15777,134,0,f,,15762
15769,134,0,f,,15761
15767,131,0,o,,15756
15781,131,0,o,,15762
15774,126,0,r,,15761
15770,126,0,r,,15756
15786,152,0,x,,15762
15764,134,0,f,,15759
15779,131,0,o,,15761
15782,134,0,f,,15766
15775,124,0,e,,15756
15768,148,0,oo,,15759
15788,130,0,g,,15761
15772,118,0,t,,15759
15780,116,0,s,,15756
15787,142,0,or,,15766
15776,116,0,s,,15759
15784,118,0,t,,15756
15791,118,0,t,,15766
15778,118,0,t,,15759
15783,124,0,e,,15759
15789,120,0,p,,15759
15790,116,0,s,,15759
15793,134,0,f,,15785
15796,161,0,ue,,15785
15797,133,0,l,,15785
15798,130,0,g,,15794
15801,119,0,i,,15794
15799,130,0,g,,15792
15804,134,0,f,,15794
15800,130,0,g,,15795
15806,118,0,t,,15794
15803,117,0,a,,15792
15805,133,0,l,,15795
15808,120,0,p,,15792
15807,132,0,u,,15795
15811,127,0,m,,15795
15812,130,0,g,,15802
15815,139,0,oa,,15802
15816,130,0,g,,15810
15819,133,0,l,,15802
15818,139,0,oa,,15810
15821,118,0,t,,15810
15814,130,0,g,,15809
15820,131,0,o,,15809
15822,133,0,l,,15809
15823,134,0,f,,15809
15824,130,0,g,,15813
15825,126,0,r,,15813
15828,141,0,ee,,15813
15830,121,0,n,,15813
15829,130,0,g,,15817
15832,126,0,r,,15817
15834,119,0,i,,15817
15837,128,0,d,,15817
15835,130,0,g,,15827
15833,130,0,g,,15826
15838,132,0,u,,15827
15836,126,0,r,,15826
15842,133,0,ll,,15827
15839,132,0,u,,15826
15843,135,0,b,,15826
15840,130,0,g,,15831
15844,126,0,r,,15831
15847,119,0,i,,15831
15849,121,0,n,,15831
15848,125,0,h,,15841
15851,125,0,h,,15845
15850,117,0,a,,15841
15854,130,0,g,,15846
15852,128,0,dd,,15841
15856,137,0,ai,,15845
15853,131,0,o,,15841
15858,132,0,u,,15846
15859,133,0,l,,15845
15857,123,0,ck,,15841
15860,127,0,m,,15846
15861,125,0,h,,15855
15864,117,0,a,,15855
15865,127,0,mm,,15855
15868,162,0,er,,15855
15867,125,0,h,,15862
15869,125,0,h,,15863
15870,163,0,ar,,15862
15871,117,0,a,,15863
15873,118,0,t,,15863
15872,120,0,p,,15862
15875,125,0,h,,15866
15876,117,0,a,,15866
15879,121,0,n,,15866
15881,128,0,d,,15866
15886,125,0,h,,15880
15890,124,0,e,,15880
15877,125,0,h,,15874
15888,125,0,h,,15878
15893,121,0,n,,15880
15882,124,0,e,,15874
15892,124,0,e,,15878
15884,133,0,l,,15874
15885,119,0,i,,15874
15898,127,0,m,,15878
15887,123,0,c,,15874
15889,131,0,o,,15874
15891,120,0,p,,15874
15895,118,0,t,,15874
15899,162,0,er,,15874
15897,125,0,h,,15883
15900,162,0,er,,15883
15903,128,0,d,,15883
15902,125,0,h,,15896
15904,119,0,i,,15896
15906,133,0,ll,,15896
15905,125,0,h,,15894
15907,148,0,oo,,15894
15909,128,0,d,,15894
15908,125,0,h,,15901
15910,148,0,oo,,15901
15912,134,0,f,,15901
15913,125,0,h,,15911
15914,148,0,oo,,15911
15915,123,0,k,,15911
15921,125,0,h,,15918
15920,125,0,h,,15916
15926,132,0,u,,15918
15928,148,0,oo,,15916
15930,130,0,g,,15918
15924,125,0,h,,15917
15933,120,0,p,,15916
15923,125,0,h,,15919
15931,131,0,o,,15917
15929,132,0,u,,15919
15934,120,0,p,,15917
15932,127,0,m,,15919
15936,116,0,s,,15917
15935,120,0,p,,15919
15937,125,0,h,,15927
15939,142,0,or,,15927
15941,121,0,n,,15927
15938,125,0,h,,15922
15943,132,0,u,,15922
15945,118,0,t,,15922
15940,125,0,h,,15925
15944,131,0,o,,15925
15946,120,0,p,,15925
15947,119,0,i,,15942
15949,127,0,m,,15942
15951,120,0,p,,15942
15956,119,0,i,,15950
15958,121,0,n,,15950
15953,119,0,i,,15948
15962,123,0,k,,15950
15955,121,0,n,,15948
15957,134,0,f,,15948
15961,117,0,a,,15948
15963,121,0,n,,15948
15965,118,0,t,,15948
15960,119,0,i,,15952
15964,121,0,n,,15952
15967,116,0,s,,15952
15970,124,0,e,,15952
15972,123,0,c,,15952
15973,119,0,i,,15959
15966,119,0,i,,15954
15975,118,0,t,,15952
15976,116,0,ss,,15959
15981,161,0,ue,,15959
15969,121,0,n,,15954
15971,116,0,s,,15954
15974,124,0,e,,15954
15978,123,0,c,,15954
15980,118,0,t,,15954
15983,116,0,s,,15954
15979,138,0,j,,15968
15982,117,0,a,,15968
15986,135,0,b,,15968
15985,138,0,j,,15977
15987,117,0,a,,15977
15988,123,0,ck,,15977
15990,124,0,e,,15977
15992,118,0,t,,15977
15991,138,0,j,,15984
15994,117,0,a,,15984
15995,127,0,m,,15984
15996,138,0,j,,15989
15997,138,0,j,,15993
15998,141,0,ee,,15993
15999,163,0,ar,,15989
16000,120,0,p,,15993
16006,138,0,j,,16002
16008,124,0,e,,16002
16004,138,0,j,,16001
16005,124,0,e,,16001
16011,118,0,t,,16002
16007,116,0,s,,16001
16009,118,0,t,,16001
16013,162,0,er,,16001
16010,138,0,j,,16003
16014,159,0,ou,,16003
16015,116,0,s,,16003
16017,118,0,t,,16003
16022,138,0,j,,16016
16023,132,0,u,,16016
16026,127,0,m,,16016
16021,138,0,j,,16012
16029,120,0,p,,16016
16025,123,0,k,,16020
16024,132,0,u,,16012
16028,123,0,k,,16018
16030,119,0,i,,16020
16027,121,0,n,,16012
16033,119,0,i,,16018
16032,123,0,k,,16012
16034,128,0,d,,16020
16035,123,0,ck,,16018
16031,123,0,k,,16019
16036,119,0,i,,16019
16037,146,0,ng,,16019
16042,133,0,l,,16039
16045,117,0,a,,16039
16041,123,0,k,,16038
16048,128,0,dd,,16039
16043,119,0,i,,16038
16051,162,0,er,,16039
16047,118,0,tt,,16038
16050,124,0,e,,16038
16054,121,0,n,,16038
16053,133,0,l,,16040
16057,141,0,ee,,16040
16056,133,0,l,,16044
16060,123,0,k,,16040
16055,133,0,l,,16046
16059,124,0,e,,16044
16058,124,0,e,,16046
16064,130,0,g,,16044
16063,127,0,m,,16046
16065,131,0,o,,16046
16066,121,0,n,,16046
16062,133,0,l,,16049
16068,124,0,e,,16049
16067,133,0,l,,16052
16071,118,0,tt,,16049
16069,119,0,i,,16052
16074,162,0,er,,16049
16070,133,0,l,,16061
16072,120,0,p,,16052
16073,119,0,i,,16061
16075,116,0,s,,16052
16076,128,0,d,,16061
16079,133,0,l,,16078
16082,119,0,i,,16078
16086,158,0,qu,,16078
16087,119,0,i,,16078
16089,128,0,d,,16078
16080,133,0,l,,16077
16085,119,0,i,,16077
16088,120,0,p,,16077
16090,116,0,s,,16077
16093,118,0,t,,16077
16091,133,0,l,,16081
16095,119,0,i,,16077
16096,119,0,i,,16081
16098,123,0,ck,,16077
16101,116,0,s,,16081
16103,118,0,t,,16081
16092,133,0,l,,16084
16099,133,0,l,,16083
16105,139,0,oa,,16083
16100,119,0,i,,16084
16107,134,0,f,,16083
16104,118,0,tt,,16084
16106,162,0,er,,16084
16109,133,0,l,,16102
16112,131,0,o,,16102
16108,133,0,l,,16094
16113,130,0,g,,16102
16111,133,0,l,,16097
16110,131,0,o,,16094
16115,123,0,ck,,16094
16114,148,0,oo,,16097
16116,120,0,p,,16097
16121,133,0,l,,16117
16122,133,0,l,,16118
16123,132,0,u,,16117
16124,132,0,u,,16118
16125,127,0,m,,16117
16128,121,0,n,,16118
16130,133,0,l,,16120
16129,120,0,p,,16117
16131,153,0,ch,,16118
16132,132,0,u,,16120
16135,146,0,ng,,16120
16127,127,0,m,,16119
16133,117,0,a,,16119
16137,130,0,g,,16119
16139,120,0,p,,16119
16140,140,0,ie,,16119
16141,127,0,m,,16138
16142,127,0,m,,16134
16143,117,0,a,,16138
16144,117,0,a,,16134
16146,118,0,t,,16138
16147,120,0,p,,16134
16145,127,0,m,,16126
16148,137,0,ai,,16126
16150,133,0,l,,16126
16149,127,0,m,,16136
16151,117,0,a,,16136
16153,121,0,n,,16136
16156,127,0,m,,16152
16158,127,0,m,,16154
16157,124,0,e,,16152
16161,124,0,e,,16154
16159,133,0,l,,16152
16163,131,0,o,,16152
16165,121,0,n,,16152
16166,121,0,n,,16154
16170,127,0,m,,16164
16172,119,0,i,,16164
16174,133,0,ll,,16164
16162,127,0,m,,16155
16169,117,0,a,,16155
16175,127,0,m,,16167
16171,118,0,tt,,16155
16178,119,0,i,,16167
16173,126,0,r,,16155
16183,133,0,l,,16167
16176,124,0,e,,16155
16177,127,0,m,,16168
16185,123,0,k,,16167
16180,116,0,ss,,16155
16181,119,0,i,,16168
16186,121,0,n,,16168
16188,118,0,t,,16168
16179,127,0,m,,16160
16184,162,0,er,,16160
16191,127,0,m,,16182
16187,127,0,m,,16160
16192,119,0,i,,16182
16189,137,0,ai,,16160
16190,128,0,d,,16160
16193,116,0,s,,16182
16194,118,0,t,,16182
16198,127,0,m,,16195
16199,139,0,oa,,16195
16200,118,0,t,,16195
16204,127,0,m,,16197
16205,127,0,m,,16201
16207,119,0,i,,16197
16210,148,0,oo,,16201
16212,152,0,x,,16197
16213,121,0,n,,16201
16202,127,0,m,,16196
16203,131,0,o,,16196
16206,121,0,n,,16196
16211,116,0,s,,16196
16214,118,0,t,,16196
16215,162,0,er,,16196
16216,127,0,m,,16208
16217,131,0,o,,16208
16221,120,0,p,,16208
16222,116,0,s,,16208
16218,127,0,m,,16209
16228,127,0,m,,16219
16220,142,0,or,,16209
16229,131,0,o,,16219
16223,121,0,n,,16209
16230,116,0,ss,,16219
16226,119,0,i,,16209
16227,146,0,ng,,16209
16231,127,0,m,,16224
16234,159,0,ou,,16224
16232,127,0,m,,16225
16236,155,0,th,,16224
16235,131,0,o,,16225
16237,155,0,th,,16225
16243,127,0,m,,16238
16241,127,0,m,,16233
16242,132,0,u,,16233
16245,132,0,u,,16238
16244,154,0,sh,,16233
16250,130,0,g,,16238
16246,126,0,r,,16233
16247,127,0,m,,16240
16248,121,0,n,,16239
16249,148,0,oo,,16233
16253,132,0,u,,16240
16254,137,0,ai,,16239
16252,127,0,m,,16233
16256,128,0,d,,16240
16255,133,0,l,,16239
16258,121,0,n,,16251
16260,124,0,e,,16251
16261,121,0,n,,16257
16262,123,0,ck,,16251
16263,117,0,a,,16257
16265,120,0,p,,16257
16269,121,0,n,,16264
16271,124,0,e,,16264
16272,118,0,t,,16264
16266,121,0,n,,16259
16267,124,0,e,,16259
16268,116,0,s,,16259
16270,118,0,t,,16259
16278,139,0,oa,,16274
16280,123,0,k,,16274
16277,121,0,n,,16273
16279,142,0,or,,16273
16281,155,0,th,,16273
16283,121,0,n,,16276
16285,132,0,u,,16276
16282,121,0,n,,16275
16287,118,0,t,,16276
16289,139,0,oa,,16284
16286,132,0,u,,16275
16291,118,0,t,,16284
16290,118,0,t,,16275
16293,116,0,s,,16275
16294,116,0,s,,16284
16297,160,0,oi,,16288
16301,133,0,l,,16288
16296,131,0,o,,16292
16298,116,0,s,,16292
16299,118,0,t,,16292
16303,126,0,r,,16292
16300,160,0,oi,,16295
16306,119,0,i,,16292
16302,133,0,l,,16295
16307,153,0,ch,,16292
16305,123,0,c,,16295
16310,120,0,p,,16304
16308,117,0,a,,16295
16309,121,0,n,,16295
16312,117,0,a,,16304
16313,128,0,d,,16304
16317,120,0,p,,16311
16318,137,0,ai,,16311
16319,133,0,l,,16311
16322,120,0,p,,16314
16325,137,0,ai,,16314
16328,121,0,n,,16314
16330,118,0,t,,16314
16320,120,0,p,,16316
16324,137,0,ai,,16316
16327,121,0,n,,16316
16333,118,0,t,,16316
16323,120,0,p,,16315
16336,162,0,er,,16316
16326,137,0,ai,,16315
16329,121,0,n,,16315
16332,120,0,p,,16321
16331,118,0,t,,16315
16335,137,0,ai,,16321
16334,135,0,b,,16315
16337,121,0,n,,16321
16338,126,0,r,,16315
16341,118,0,t,,16321
16340,132,0,u,,16315
16344,119,0,i,,16321
16343,154,0,sh,,16315
16346,146,0,ng,,16321
16348,120,0,p,,16339
16349,163,0,ar,,16339
16347,120,0,p,,16342
16352,123,0,k,,16339
16350,117,0,a,,16342
16353,121,0,n,,16342
16354,120,0,p,,16345
16359,120,0,p,,16355
16361,141,0,ee,,16355
16356,117,0,a,,16345
16363,133,0,l,,16355
16358,126,0,rr,,16345
16360,131,0,o,,16345
16364,118,0,t,,16345
16366,120,0,p,,16357
16368,124,0,e,,16357
16371,130,0,g,,16357
16362,120,0,p,,16351
16365,117,0,a,,16351
16367,118,0,tt,,16351
16370,162,0,er,,16351
16372,121,0,n,,16351
16375,120,0,p,,16369
16376,124,0,e,,16369
16378,121,0,n,,16369
16379,120,0,p,,16374
16382,124,0,e,,16374
16381,120,0,p,,16373
16384,120,0,pp,,16374
16386,162,0,er,,16374
16383,124,0,e,,16373
16387,118,0,t,,16373
16380,120,0,p,,16377
16393,120,0,p,,16389
16385,119,0,i,,16377
16398,140,0,ie,,16389
16388,123,0,c,,16377
16392,121,0,n,,16377
16396,120,0,p,,16391
16394,119,0,i,,16377
16397,123,0,c,,16377
16399,119,0,i,,16391
16401,121,0,n,,16391
16395,120,0,p,,16390
16400,119,0,i,,16390
16403,130,0,g,,16390
16404,118,0,t,,16390
16405,137,0,ai,,16390
16406,133,0,l,,16390
16409,120,0,p,,16402
16410,119,0,i,,16402
16412,121,0,n,,16402
16415,153,0,ch,,16402
16413,120,0,p,,16407
16417,119,0,i,,16407
16414,120,0,p,,16408
16419,146,0,ng,,16407
16416,119,0,i,,16408
16422,120,0,p,,16407
16421,121,0,n,,16408
16425,131,0,o,,16407
16426,146,0,ng,,16407
16424,123,0,k,,16408
16423,120,0,p,,16411
16428,133,0,l,,16411
16429,132,0,u,,16411
16431,130,0,g,,16411
16430,120,0,p,,16420
16432,133,0,l,,16420
16435,132,0,u,,16420
16437,127,0,m,,16420
16433,120,0,p,,16418
16434,120,0,p,,16427
16436,131,0,o,,16418
16439,133,0,l,,16427
16440,123,0,ck,,16418
16441,132,0,u,,16427
16444,116,0,s,,16427
16443,124,0,e,,16418
16445,118,0,t,,16418
16446,120,0,p,,16438
16448,131,0,o,,16438
16451,120,0,p,,16447
16450,128,0,d,,16438
16454,148,0,oo,,16447
16456,133,0,l,,16447
16449,120,0,p,,16442
16455,160,0,oi,,16442
16457,121,0,n,,16442
16458,118,0,t,,16442
16459,120,0,p,,16453
16460,131,0,o,,16453
16462,121,0,n,,16453
16463,128,0,d,,16453
16464,120,0,p,,16452
16465,131,0,o,,16452
16466,120,0,p,,16452
16467,120,0,p,,16461
16468,131,0,o,,16461
16469,120,0,p,,16461
16472,123,0,c,,16461
16473,142,0,or,,16461
16474,121,0,n,,16461
16475,120,0,p,,16471
16479,142,0,or,,16471
16482,118,0,t,,16471
16478,120,0,p,,16470
16480,131,0,o,,16470
16483,118,0,t,,16470
16485,120,0,p,,16481
16486,126,0,r,,16481
16490,120,0,p,,16477
16488,120,0,p,,16476
16487,119,0,i,,16481
16494,126,0,r,,16477
16491,121,0,n,,16481
16495,118,0,t,,16481
16497,119,0,i,,16477
16492,131,0,o,,16476
16498,162,0,er,,16481
16493,120,0,p,,16484
16502,123,0,ck,,16477
16499,118,0,t,,16476
16496,132,0,u,,16484
16505,116,0,s,,16476
16501,134,0,ff,,16484
16500,120,0,p,,16489
16504,119,0,i,,16484
16503,132,0,u,,16489
16506,121,0,n,,16484
16507,127,0,m,,16489
16508,120,0,p,,16489
16512,120,0,p,,16509
16515,120,0,p,,16511
16517,132,0,u,,16511
16513,132,0,u,,16509
16520,121,0,n,,16511
16514,127,0,m,,16509
16519,120,0,p,,16510
16516,120,0,p,,16509
16522,153,0,ch,,16511
16524,132,0,u,,16510
16518,123,0,k,,16509
16526,120,0,p,,16510
16521,119,0,i,,16509
16523,121,0,n,,16509
16529,158,0,qu,,16525
16532,117,0,a,,16525
16534,123,0,ck,,16525
16533,158,0,qu,,16527
16535,137,0,ai,,16527
16537,133,0,l,,16527
16539,158,0,qu,,16530
16543,141,0,ee,,16530
16541,158,0,qu,,16531
16546,121,0,n,,16530
16544,119,0,i,,16531
16548,133,0,ll,,16531
16536,120,0,p,,16528
16538,132,0,u,,16528
16540,120,0,pp,,16528
16542,124,0,e,,16528
16547,118,0,t,,16528
16551,126,0,r,,16545
16552,117,0,a,,16545
16554,135,0,bb,,16545
16557,119,0,i,,16545
16559,118,0,t,,16545
16556,126,0,r,,16549
16553,158,0,qu,,16550
16560,117,0,a,,16549
16555,119,0,i,,16550
16558,133,0,l,,16550
16562,130,0,g,,16549
16561,118,0,t,,16550
16565,126,0,r,,16563
16567,137,0,ai,,16563
16569,121,0,n,,16563
16568,126,0,r,,16564
16571,123,0,c,,16563
16572,117,0,a,,16564
16573,139,0,oa,,16563
16575,118,0,t,,16563
16577,121,0,n,,16564
16574,126,0,r,,16566
16576,137,0,ai,,16566
16579,121,0,n,,16566
16586,126,0,r,,16578
16580,126,0,r,,16570
16590,117,0,a,,16578
16582,137,0,ai,,16570
16593,118,0,t,,16578
16583,121,0,n,,16570
16584,128,0,d,,16570
16585,126,0,r,,16570
16589,131,0,o,,16570
16591,120,0,p,,16570
16594,116,0,s,,16570
16592,126,0,r,,16581
16595,124,0,e,,16581
16596,128,0,d,,16581
16597,126,0,r,,16587
16600,119,0,i,,16587
16598,126,0,r,,16588
16603,135,0,bb,,16587
16599,124,0,e,,16588
16604,131,0,o,,16587
16601,116,0,s,,16588
16607,121,0,n,,16587
16608,123,0,c,,16588
16609,161,0,ue,,16588
16610,126,0,r,,16606
16611,126,0,r,,16602
16612,139,0,oa,,16606
16614,119,0,i,,16602
16615,128,0,d,,16606
16617,146,0,ng,,16602
16616,126,0,r,,16605
16618,119,0,i,,16605
16619,147,0,v,,16605
16622,162,0,er,,16605
16620,126,0,r,,16613
16623,131,0,o,,16613
16624,135,0,b,,16613
16625,119,0,i,,16613
16627,121,0,n,,16613
16629,126,0,r,,16621
16631,126,0,r,,16626
16632,131,0,o,,16621
16633,148,0,oo,,16626
16634,123,0,ck,,16621
16635,134,0,f,,16626
16636,126,0,r,,16628
16637,131,0,o,,16628
16639,126,0,r,,16630
16641,123,0,ck,,16628
16642,124,0,e,,16628
16643,131,0,o,,16630
16645,118,0,t,,16628
16646,128,0,d,,16630
16647,126,0,r,,16638
16648,126,0,r,,16640
16649,148,0,oo,,16638
16652,123,0,k,,16638
16650,148,0,oo,,16640
16653,127,0,m,,16640
16651,126,0,r,,16644
16654,148,0,oo,,16644
16656,118,0,t,,16644
16657,126,0,r,,16655
16659,132,0,u,,16655
16661,130,0,g,,16655
16664,126,0,r,,16658
16665,132,0,u,,16658
16667,126,0,r,,16660
16668,146,0,ng,,16658
16669,132,0,u,,16660
16673,121,0,n,,16660
16672,116,0,s,,16663
16670,126,0,r,,16662
16675,117,0,a,,16663
16674,132,0,u,,16662
16679,123,0,ck,,16663
16676,121,0,nn,,16662
16680,162,0,er,,16662
16678,116,0,s,,16666
16683,117,0,a,,16666
16681,116,0,s,,16671
16686,128,0,d,,16666
16682,117,0,a,,16671
16684,121,0,n,,16671
16687,128,0,d,,16671
16688,116,0,s,,16677
16691,137,0,ai,,16677
16693,133,0,l,,16677
16689,116,0,s,,16685
16690,117,0,a,,16685
16694,121,0,n,,16685
16696,128,0,d,,16685
16699,116,0,s,,16692
16697,145,0,w,,16685
16698,119,0,i,,16685
16704,117,0,a,,16692
16702,153,0,ch,,16685
16706,152,0,x,,16692
16701,116,0,s,,16695
16705,117,0,a,,16695
16707,118,0,t,,16695
16710,116,0,s,,16703
16712,123,0,c,,16703
16709,116,0,s,,16700
16714,163,0,ar,,16703
16711,123,0,c,,16700
16716,134,0,f,,16703
16713,148,0,oo,,16700
16715,118,0,t,,16700
16719,162,0,er,,16700
16717,116,0,s,,16708
16720,123,0,c,,16708
16722,159,0,ou,,16708
16723,118,0,t,,16708
16730,116,0,s,,16725
16734,141,0,ee,,16725
16726,116,0,s,,16718
16727,123,0,c,,16718
16728,126,0,r,,16718
16736,128,0,d,,16725
16733,117,0,a,,16718
16729,116,0,s,,16724
16735,120,0,p,,16718
16731,116,0,s,,16721
16740,124,0,e,,16724
16738,135,0,b,,16718
16744,147,0,v,,16724
16741,148,0,oo,,16718
16737,124,0,e,,16721
16745,124,0,e,,16724
16742,123,0,k,,16718
16739,123,0,c,,16721
16748,121,0,n,,16724
16743,131,0,o,,16721
16747,121,0,n,,16721
16749,128,0,d,,16721
16753,154,0,sh,,16746
16756,124,0,e,,16746
16751,154,0,sh,,16732
16758,128,0,d,,16746
16752,117,0,a,,16732
16754,127,0,m,,16732
16757,120,0,p,,16732
16759,148,0,oo,,16732
16760,154,0,sh,,16750
16761,163,0,ar,,16750
16764,123,0,k,,16750
16765,154,0,sh,,16755
16767,154,0,sh,,16762
16772,124,0,e,,16762
16774,133,0,ll,,16762
16770,141,0,ee,,16755
16768,154,0,sh,,16763
16773,120,0,p,,16755
16771,124,0,e,,16763
16775,133,0,l,,16763
16779,134,0,f,,16763
16776,154,0,sh,,16766
16778,131,0,o,,16766
16780,123,0,ck,,16766
16782,119,0,i,,16766
16781,154,0,sh,,16769
16783,146,0,ng,,16766
16785,119,0,i,,16769
16786,120,0,p,,16769
16787,154,0,sh,,16777
16789,154,0,sh,,16784
16790,126,0,r,,16784
16791,119,0,i,,16784
16792,127,0,m,,16784
16794,120,0,p,,16784
16788,159,0,ou,,16777
16793,118,0,t,,16777
16800,116,0,s,,16798
16803,119,0,i,,16798
16801,116,0,s,,16795
16806,146,0,ng,,16798
16804,119,0,i,,16795
16807,119,0,i,,16798
16810,146,0,ng,,16798
16809,116,0,s,,16799
16814,146,0,ng,,16795
16813,119,0,i,,16799
16805,116,0,s,,16796
16808,116,0,s,,16797
16815,133,0,l,,16799
16811,119,0,i,,16796
16812,119,0,i,,16797
16819,123,0,k,,16799
16818,146,0,ng,,16796
16816,133,0,l,,16797
16822,162,0,er,,16796
16820,147,0,v,,16797
16823,162,0,er,,16797
16817,116,0,s,,16802
16821,119,0,i,,16802
16824,121,0,n,,16802
16826,123,0,k,,16802
16828,116,0,s,,16825
16829,119,0,i,,16825
16830,118,0,t,,16825
16833,116,0,s,,16827
16836,119,0,i,,16827
16835,116,0,s,,16831
16839,118,0,t,,16827
16838,119,0,i,,16831
16840,116,0,s,,16827
16841,118,0,tt,,16831
16843,119,0,i,,16831
16846,116,0,s,,16837
16847,146,0,ng,,16831
16849,119,0,i,,16837
16852,152,0,x,,16837
16844,116,0,s,,16832
16842,116,0,s,,16834
16850,119,0,i,,16832
16848,119,0,i,,16834
16851,152,0,x,,16834
16853,152,0,x,,16832
16854,118,0,t,,16834
16855,155,0,th,,16832
16857,141,0,ee,,16834
16856,116,0,s,,16845
16859,121,0,n,,16834
16858,123,0,k,,16845
16860,119,0,i,,16845
16862,121,0,n,,16845
16864,116,0,s,,16863
16865,123,0,k,,16863
16866,116,0,s,,16861
16869,132,0,u,,16863
16870,123,0,k,,16861
16871,119,0,i,,16861
16872,133,0,ll,,16863
16874,120,0,p,,16861
16873,116,0,s,,16867
16877,123,0,k,,16867
16875,116,0,s,,16868
16878,133,0,l,,16868
16879,132,0,u,,16867
16884,117,0,a,,16868
16881,121,0,n,,16867
16883,123,0,k,,16867
16886,127,0,m,,16868
16888,116,0,s,,16880
16890,133,0,l,,16880
16893,119,0,i,,16880
16894,123,0,ck,,16880
16885,116,0,s,,16876
16891,116,0,s,,16882
16889,133,0,l,,16876
16895,133,0,l,,16882
16897,119,0,i,,16882
16892,141,0,ee,,16876
16898,120,0,p,,16876
16900,120,0,p,,16882
16899,116,0,s,,16887
16903,116,0,s,,16896
16902,133,0,l,,16887
16905,133,0,l,,16896
16904,141,0,ee,,16887
16908,119,0,i,,16896
16906,120,0,p,,16887
16910,120,0,pp,,16896
16907,119,0,i,,16887
16911,162,0,er,,16896
16909,146,0,ng,,16887
16914,116,0,s,,16901
16915,133,0,l,,16901
16918,132,0,u,,16901
16920,130,0,g,,16901
16917,116,0,s,,16912
16919,121,0,n,,16912
16923,117,0,a,,16912
16926,123,0,ck,,16912
16921,116,0,s,,16913
16924,121,0,n,,16913
16927,137,0,ai,,16913
16929,133,0,l,,16913
16928,116,0,s,,16916
16930,121,0,n,,16916
16931,119,0,i,,16916
16932,120,0,p,,16916
16936,116,0,s,,16925
16938,139,0,oa,,16925
16939,120,0,p,,16925
16934,116,0,s,,16922
16937,121,0,n,,16922
16942,116,0,s,,16933
16940,132,0,u,,16922
16943,160,0,oi,,16933
16945,133,0,l,,16933
16941,130,0,g,,16922
16946,116,0,s,,16935
16947,131,0,o,,16935
16948,123,0,ck,,16935
16951,116,0,s,,16944
16952,148,0,oo,,16944
16953,118,0,t,,16944
16956,116,0,s,,16949
16959,159,0,ou,,16949
16955,116,0,s,,16950
16963,155,0,th,,16949
16957,120,0,p,,16950
16958,124,0,e,,16950
16961,116,0,s,,16954
16960,133,0,ll,,16950
16964,119,0,i,,16950
16965,120,0,p,,16954
16966,146,0,ng,,16950
16967,119,0,i,,16954
16969,121,0,n,,16954
16971,116,0,s,,16962
16972,116,0,s,,16968
16973,120,0,p,,16962
16976,120,0,p,,16968
16977,133,0,l,,16962
16981,117,0,a,,16962
16982,154,0,sh,,16962
16980,148,0,oo,,16968
16974,116,0,s,,16970
16983,123,0,k,,16968
16979,120,0,p,,16970
16984,131,0,o,,16970
16986,118,0,t,,16970
16985,116,0,s,,16975
16987,120,0,p,,16975
16988,116,0,s,,16978
16989,148,0,oo,,16975
16991,120,0,p,,16978
16993,131,0,o,,16978
16994,121,0,n,,16975
16995,118,0,t,,16978
16996,116,0,s,,16978
16998,116,0,s,,16992
16999,120,0,p,,16992
17001,159,0,ou,,16992
17004,118,0,t,,16992
17002,116,0,s,,16997
17000,116,0,s,,16990
17005,120,0,p,,16997
17003,120,0,p,,16990
17008,126,0,r,,16997
17007,126,0,r,,16990
17012,159,0,ou,,16997
17013,118,0,t,,16997
17011,119,0,i,,16990
17014,146,0,ng,,16990
17015,116,0,s,,17006
17019,116,0,s,,17010
17016,120,0,p,,17006
17020,126,0,r,,17006
17021,158,0,qu,,17010
17022,159,0,ou,,17006
17025,119,0,i,,17010
17026,118,0,t,,17006
17030,128,0,d,,17010
17017,116,0,s,,17009
17028,116,0,s,,17006
17023,158,0,qu,,17009
17027,119,0,i,,17009
17029,126,0,rr,,17009
17032,124,0,e,,17009
17034,133,0,l,,17009
17035,116,0,s,,17024
17031,116,0,s,,17018
17037,118,0,t,,17024
17038,117,0,a,,17024
17033,118,0,t,,17018
17039,130,0,g,,17024
17036,137,0,ai,,17018
17040,121,0,n,,17018
17045,116,0,s,,17042
17048,118,0,t,,17042
17052,163,0,ar,,17042
17044,116,0,s,,17041
17047,118,0,t,,17041
17050,117,0,a,,17041
17054,121,0,n,,17041
17049,116,0,s,,17043
17056,128,0,d,,17041
17053,118,0,t,,17043
17057,117,0,a,,17043
17058,127,0,m,,17043
17061,120,0,p,,17043
17055,116,0,s,,17046
17059,118,0,t,,17046
17062,117,0,a,,17046
17064,118,0,t,,17046
17063,116,0,s,,17051
17066,161,0,ue,,17046
17065,118,0,t,,17051
17067,124,0,e,,17051
17069,127,0,m,,17051
17072,116,0,s,,17060
17075,118,0,t,,17060
17071,116,0,s,,17068
17076,119,0,i,,17060
17073,118,0,t,,17068
17080,123,0,ck,,17060
17074,119,0,i,,17068
17077,123,0,ck,,17068
17079,162,0,er,,17068
17081,116,0,s,,17070
17082,118,0,t,,17070
17084,119,0,i,,17070
17086,146,0,ng,,17070
17085,116,0,s,,17078
17087,118,0,t,,17078
17088,148,0,oo,,17078
17090,128,0,d,,17078
17093,116,0,s,,17083
17094,118,0,t,,17083
17095,148,0,oo,,17083
17098,133,0,l,,17083
17096,116,0,s,,17089
17099,118,0,t,,17089
17102,142,0,or,,17089
17097,116,0,s,,17091
17105,123,0,k,,17089
17101,118,0,t,,17091
17104,131,0,o,,17091
17100,116,0,s,,17092
17109,120,0,p,,17091
17103,118,0,t,,17092
17108,142,0,or,,17092
17110,127,0,m,,17092
17112,116,0,s,,17107
17113,118,0,t,,17107
17115,126,0,r,,17107
17114,116,0,s,,17106
17118,119,0,i,,17107
17117,118,0,t,,17106
17121,146,0,ng,,17107
17120,126,0,r,,17106
17122,141,0,ee,,17106
17124,118,0,t,,17106
17119,116,0,s,,17111
17123,118,0,t,,17111
17125,126,0,r,,17111
17127,131,0,o,,17111
17130,146,0,ng,,17111
17126,116,0,s,,17116
17131,132,0,u,,17116
17133,127,0,m,,17116
17135,116,0,s,,17128
17136,132,0,u,,17128
17138,127,0,mm,,17128
17143,162,0,er,,17128
17137,116,0,s,,17129
17141,132,0,u,,17129
17145,120,0,pp,,17129
17147,162,0,er,,17129
17139,116,0,s,,17132
17140,116,0,s,,17134
17146,132,0,u,,17132
17144,145,0,w,,17134
17150,121,0,n,,17132
17149,141,0,ee,,17134
17152,120,0,p,,17134
17155,116,0,s,,17148
17157,145,0,w,,17148
17159,119,0,i,,17148
17162,127,0,m,,17148
17153,116,0,s,,17142
17156,145,0,w,,17142
17158,141,0,ee,,17142
17160,118,0,t,,17142
17164,116,0,s,,17154
17163,123,0,c,,17142
17167,145,0,w,,17154
17166,142,0,or,,17142
17161,116,0,s,,17151
17170,119,0,i,,17154
17169,121,0,n,,17142
17165,145,0,w,,17151
17173,146,0,ng,,17154
17168,119,0,i,,17151
17172,127,0,mm,,17151
17174,162,0,er,,17151
17175,118,0,t,,17171
17176,117,0,a,,17171
17179,121,0,n,,17171
17181,123,0,k,,17171
17182,118,0,t,,17177
17184,163,0,ar,,17177
17187,118,0,t,,17177
17188,118,0,t,,17178
17189,137,0,ai,,17178
17192,133,0,l,,17178
17190,118,0,t,,17180
17193,124,0,e,,17180
17191,118,0,t,,17183
17196,121,0,n,,17180
17195,141,0,ee,,17183
17198,155,0,th,,17183
17197,118,0,t,,17185
17200,124,0,e,,17185
17202,121,0,n,,17185
17204,118,0,t,,17185
17199,118,0,t,,17186
17201,124,0,e,,17186
17203,121,0,nn,,17186
17205,119,0,i,,17186
17208,116,0,s,,17186
17206,155,0,th,,17194
17209,117,0,a,,17194
17210,121,0,n,,17194
17211,123,0,k,,17194
17213,155,0,th,,17207
17215,117,0,a,,17207
17216,121,0,n,,17207
17218,123,0,k,,17207
17220,116,0,s,,17207
17221,155,0,th,,17214
17224,119,0,i,,17214
17228,155,0,th,,17217
17231,126,0,r,,17217
17226,155,0,th,,17219
17236,141,0,ee,,17217
17222,155,0,th,,17212
17227,121,0,n,,17214
17230,142,0,or,,17219
17223,119,0,i,,17212
17233,123,0,k,,17214
17225,121,0,n,,17212
17235,121,0,n,,17219
17229,123,0,k,,17212
17232,119,0,i,,17212
17239,146,0,ng,,17212
17240,155,0,th,,17234
17242,132,0,u,,17234
17243,121,0,n,,17234
17245,128,0,d,,17234
17248,162,0,er,,17234
17241,155,0,th,,17238
17244,132,0,u,,17238
17247,155,0,th,,17237
17246,121,0,n,,17238
17249,128,0,d,,17238
17254,126,0,r,,17237
17251,162,0,er,,17238
17257,139,0,oa,,17237
17252,116,0,s,,17238
17260,118,0,t,,17237
17262,118,0,t,,17253
17255,118,0,t,,17238
17264,140,0,ie,,17253
17256,142,0,or,,17238
17258,127,0,m,,17238
17261,118,0,t,,17250
17265,119,0,i,,17250
17266,123,0,ck,,17250
17268,118,0,t,,17263
17269,119,0,i,,17263
17270,116,0,ss,,17263
17275,161,0,ue,,17263
17273,118,0,t,,17267
17276,139,0,oa,,17267
17277,128,0,d,,17267
17272,118,0,t,,17259
17274,119,0,i,,17259
17278,133,0,ll,,17259
17284,118,0,t,,17279
17282,118,0,t,,17271
17287,139,0,oa,,17279
17283,139,0,oa,,17271
17291,116,0,s,,17279
17285,128,0,d,,17271
17294,118,0,t,,17279
17288,116,0,s,,17271
17290,118,0,t,,17280
17298,162,0,er,,17279
17289,118,0,t,,17271
17297,139,0,oa,,17280
17293,148,0,oo,,17271
17296,133,0,l,,17271
17300,116,0,s,,17280
17286,118,0,t,,17281
17302,118,0,t,,17280
17292,131,0,o,,17281
17299,128,0,dd,,17281
17303,133,0,l,,17281
17304,162,0,er,,17281
17308,118,0,t,,17305
17307,118,0,t,,17295
17312,148,0,oo,,17305
17306,118,0,t,,17301
17315,133,0,l,,17305
17310,131,0,o,,17295
17309,160,0,oi,,17301
17314,134,0,ff,,17295
17313,133,0,l,,17301
17317,141,0,ee,,17295
17316,124,0,e,,17301
17318,118,0,t,,17301
17319,118,0,t,,17311
17320,148,0,oo,,17311
17322,133,0,l,,17311
17323,135,0,b,,17311
17326,131,0,o,,17311
17327,152,0,x,,17311
17330,118,0,t,,17324
17329,118,0,t,,17321
17333,131,0,o,,17324
17332,148,0,oo,,17321
17335,155,0,th,,17321
17336,120,0,p,,17324
17331,118,0,t,,17325
17334,148,0,oo,,17325
17337,155,0,th,,17325
17341,135,0,b,,17325
17342,126,0,r,,17325
17343,132,0,u,,17325
17346,154,0,sh,,17325
17348,118,0,t,,17339
17345,118,0,t,,17340
17352,126,0,r,,17339
17347,126,0,r,,17340
17356,141,0,ee,,17339
17350,137,0,ai,,17340
17354,121,0,n,,17340
17344,118,0,t,,17328
17351,118,0,t,,17338
17349,126,0,r,,17328
17353,117,0,a,,17328
17357,123,0,c,,17328
17358,118,0,t,,17328
17355,126,0,r,,17338
17361,142,0,or,,17328
17359,159,0,ou,,17338
17360,118,0,t,,17338
17365,118,0,t,,17362
17366,126,0,r,,17362
17368,132,0,u,,17362
17370,123,0,ck,,17362
17367,118,0,t,,17363
17369,126,0,r,,17363
17372,132,0,u,,17363
17375,127,0,m,,17363
17376,120,0,p,,17363
17371,118,0,t,,17364
17378,124,0,e,,17363
17374,126,0,r,,17364
17380,118,0,t,,17363
17377,132,0,u,,17364
17381,121,0,n,,17364
17384,123,0,k,,17364
17386,118,0,t,,17379
17388,145,0,w,,17379
17382,118,0,t,,17373
17390,119,0,i,,17379
17383,132,0,u,,17373
17392,130,0,g,,17379
17389,121,0,nn,,17373
17391,124,0,e,,17373
17393,133,0,l,,17373
17394,118,0,t,,17387
17395,132,0,u,,17387
17397,116,0,s,,17387
17396,118,0,t,,17385
17400,123,0,k,,17387
17398,145,0,w,,17385
17401,119,0,i,,17385
17402,121,0,n,,17385
17405,132,0,u,,17404
17406,121,0,n,,17404
17408,128,0,d,,17404
17409,162,0,er,,17404
17415,147,0,v,,17407
17418,117,0,a,,17407
17420,121,0,n,,17407
17410,118,0,t,,17399
17414,145,0,w,,17399
17416,119,0,i,,17399
17422,121,0,n,,17399
17424,116,0,s,,17399
17428,147,0,v,,17417
17432,124,0,e,,17417
17421,147,0,v,,17413
17436,118,0,t,,17417
17425,117,0,a,,17413
17427,121,0,n,,17413
17412,132,0,u,,17403
17431,119,0,i,,17413
17419,127,0,m,,17403
17434,133,0,ll,,17413
17423,135,0,b,,17403
17438,117,0,a,,17413
17426,126,0,r,,17403
17429,132,0,u,,17411
17430,124,0,e,,17403
17433,133,0,ll,,17403
17437,120,0,p,,17411
17440,145,0,w,,17435
17439,117,0,a,,17403
17442,124,0,e,,17435
17443,135,0,b,,17435
17445,145,0,w,,17441
17446,124,0,e,,17441
17447,128,0,dd,,17441
17448,119,0,i,,17441
17450,146,0,ng,,17441
17453,145,0,w,,17451
17455,124,0,e,,17451
17459,133,0,ll,,17451
17456,145,0,w,,17444
17461,141,0,ee,,17444
17457,145,0,w,,17452
17466,128,0,d,,17444
17462,145,0,w,,17449
17464,145,0,w,,17454
17460,119,0,i,,17452
17467,119,0,i,,17454
17469,141,0,ee,,17449
17463,133,0,ll,,17452
17471,121,0,n,,17454
17473,120,0,p,,17449
17465,119,0,i,,17452
17475,128,0,d,,17454
17472,146,0,ng,,17452
17470,145,0,w,,17458
17474,119,0,i,,17458
17476,121,0,n,,17458
17477,128,0,d,,17458
17478,127,0,m,,17458
17479,119,0,i,,17458
17481,133,0,ll,,17458
17482,145,0,w,,17480
17484,119,0,i,,17480
17486,121,0,n,,17480
17489,123,0,k,,17480
17485,145,0,w,,17468
17490,119,0,i,,17468
17495,146,0,ng,,17468
17488,145,0,w,,17483
17491,119,0,i,,17483
17493,121,0,n,,17483
17497,118,0,t,,17483
17498,162,0,er,,17483
17499,145,0,w,,17487
17500,148,0,oo,,17487
17502,128,0,d,,17487
17501,145,0,w,,17494
17504,148,0,oo,,17494
17506,134,0,f,,17494
17505,151,0,y,,17496
17507,117,0,a,,17496
17510,123,0,k,,17496
17503,145,0,w,,17492
17508,148,0,oo,,17492
17511,133,0,l,,17492
17513,151,0,y,,17509
17514,117,0,a,,17509
17518,127,0,m,,17509
17515,144,0,z,,17512
17517,124,0,e,,17512
17519,135,0,b,,17512
17521,126,0,r,,17512
17524,117,0,a,,17512
17522,144,0,z,,17516
17527,124,0,e,,17516
17529,116,0,s,,17516
17526,144,0,z,,17520
17531,118,0,t,,17516
17528,119,0,i,,17520
17534,144,0,z,,17525
17530,130,0,g,,17520
17538,148,0,oo,,17525
17532,144,0,z,,17520
17535,117,0,a,,17520
17533,144,0,z,,17523
17537,119,0,i,,17523
17536,130,0,g,,17520
17539,120,0,p,,17523
