id	sassoon_string	regular_string	sort_order	sound_group_id	print_path	precursive_path
116	s	s	0	s	115	{"m23.46711,-1.74225c-2.7743,-1.44717 -8.722079,-2.01337 -8.99352,1.87825c-0.06629,1.67938 0.11049,2.34229 1.63519,3.57973c1.5247,1.23744 2.983101,2.03293 4.021669,2.89472c1.038561,0.86178 3.09359,2.40858 2.938911,4.28683c-0.15468,1.878261 -0.817591,2.76214 -1.59099,3.22618c-0.773401,0.46404 -2.010841,0.90598 -3.8228,0.7513c-1.811961,-0.154679 -3.800701,-1.126949 -4.198441,-1.347919c-0.397751,-0.22097 -0.44194,-0.287271 -0.44194,-0.287271"}	{"m23.46711,-1.74225c-2.7743,-1.44717 -8.722079,-2.01337 -8.99352,1.87825c-0.06629,1.67938 0.11049,2.34229 1.63519,3.57973c1.5247,1.23744 2.983101,2.03293 4.021669,2.89472c1.038561,0.86178 3.09359,2.40858 2.938911,4.28683c-0.15468,1.878261 -0.817591,2.76214 -1.59099,3.22618c-0.773401,0.46404 -2.010841,0.90598 -3.8228,0.7513c-1.811961,-0.154679 -3.800701,-1.126949 -4.198441,-1.347919c-0.397751,-0.22097 -0.44194,-0.287271 -0.44194,-0.287271"}
117	a	a	1	a	115	{"m13.84375,16.796881c0,0 -1.65625,-1.531251 -4.84375,-1.281251c-3.1875,0.25 -4.90625,2.04687 -5.82812,3.20312c-0.92188,1.15625 -2.17188,4.8125 -1.59375,7.71875c0.57812,2.90625 1.65625,5.421881 4.14062,6.046879c2.48438,0.625 5.14063,-0.734379 6.60938,-3.218748c1.46875,-2.484381 1.54687,-4.40625 1.54687,-4.40625l-0.03125,-8.0625z","m13.87697,16.71018l-0.04419,11.18112c0,0 -0.17677,3.27037 1.34792,4.198448c1.5247,0.928082 2.62956,0.13258 2.850531,-0.220968"}	{"m13.84375,16.796881c0,0 -1.65625,-1.531251 -4.84375,-1.281251c-3.1875,0.25 -4.90625,2.04687 -5.82812,3.20312c-0.92188,1.15625 -2.17188,4.8125 -1.59375,7.71875c0.57812,2.90625 1.65625,5.421881 4.14062,6.046879c2.48438,0.625 5.14063,-0.734379 6.60938,-3.218748c1.46875,-2.484381 1.54687,-4.40625 1.54687,-4.40625l-0.03125,-8.0625z","m13.85775,16.47944l0.0034,15.66681"}
118	t	t	2	t	115	{"m3.55763,0.21526l0.00337,17.6735c0,0 -0.04756,1.3521 0.39438,2.081301c0.44194,0.7292 0.7734,1.39212 1.98874,1.922449c1.21534,0.530331 2.65165,0.41984 4.17635,-0.59663","m0.39775,4.92194l9.32497,0.0442"}	{"m15.6783,11.21526l0.00336,21.92362","m10.56434,15.92194l11.27905,0.0442"}
119	i	i	3	i	115	{"m3.52562,8.3819l0.10793,13.74274c0,0 -0.10793,3.021961 1.3311,3.525621c1.43903,0.50367 2.80611,-0.215851 2.98599,-0.359751","m3.63355,1.51054c0.79147,0 0.50366,0.57561 0.21586,0.61158c-0.28781,0.03598 -0.64757,-0.46768 -0.21586,-0.61158z"}	{"m3.52562,8.3819l0.10793,18.60466","m3.63355,1.51054c0.79147,0 0.50366,0.57561 0.21586,0.61158c-0.28781,0.03598 -0.64757,-0.46768 -0.21586,-0.61158z"}
120	p	p	4	p	115	{"m-7.47547,1.3382c0,0 0.84375,3.84375 0.71875,6.25c-0.125,2.40625 -0.125,23.4375 -0.125,23.4375l0.09375,-21.84375c0,0 1,-4.34375 2.96875,-6.09375c1.96875,-1.75 3.71875,-1.65625 4.71875,-1.65625c1,0 3.8125,0.84375 4.8125,3.96875c1,3.125 0.53125,7.125 -0.65625,9.5c-1.1875,2.375 -2.25,2.78125 -3.09375,3.25c-0.84375,0.46875 -1.84375,0.84375 -3.90625,0.4375c-2.0625,-0.40625 -4.90625,-3.46875 -4.90625,-3.46875"}	{"m-7.47547,1.3382c0,0 0.84375,3.84375 0.71875,6.25c-0.125,2.40625 -0.125,23.4375 -0.125,23.4375l0.09375,-21.84375c0,0 1,-4.34375 2.96875,-6.09375c1.96875,-1.75 3.71875,-1.65625 4.71875,-1.65625c1,0 3.8125,0.84375 4.8125,3.96875c1,3.125 0.53125,7.125 -0.65625,9.5c-1.1875,2.375 -2.25,2.78125 -3.09375,3.25c-0.84375,0.46875 -1.84375,0.84375 -3.90625,0.4375c-2.0625,-0.40625 -4.90625,-3.46875 -4.90625,-3.46875"}
121	n	n	5	n	115	{"m1.71875,4.40625c0,0 0.75,2.09375 0.6875,6.34375c-0.0625,4.25 0,11.34375 0,11.34375l0,-7.3125c0,0 0.29057,-3.30695 0.46875,-3.96875c0.21875,-0.8125 0.78033,-3.271 2.96875,-5.03125c1.4375,-1.15625 3.28125,-1.125 4.3125,-1.0625c0.62697,0.038 2.03125,0.4375 2.6875,1.25c0.65625,0.8125 1.125,1.65625 1.21875,2.59375c0.09375,0.9375 0.125,1.09375 0.125,1.09375l0.03125,9.09375c0,0 -0.125,1.78125 0.96875,2.65625c1.09375,0.875 2.1875,0.5625 2.4375,0.5c0.25,-0.0625 1.0625,-0.5625 1.0625,-0.5625"}	{"m1.71875,4.40625c0,0 0.75,2.09375 0.6875,6.34375c-0.0625,4.25 0,11.34375 0,11.34375l0,-7.3125c0,0 0.29057,-3.30695 0.46875,-3.96875c0.21875,-0.8125 0.78033,-3.271 2.96875,-5.03125c1.4375,-1.15625 3.28125,-1.125 4.3125,-1.0625c0.62697,0.038 2.03125,0.4375 2.6875,1.25c0.65625,0.8125 1.125,1.65625 1.21875,2.59375c0.09375,0.9375 0.125,1.09375 0.125,1.09375c0.01042,3.03125 -0.14662,9.55122 -0.13621,12.58247"}
123	ck	ck	0	ck	122	{"m14.05304,12.9629c0,0 -3.39794,-2.32316 -7.375619,0.33741c-3.97768,2.66057 -3.18741,9.588579 -2.7396,10.7213c0.44782,1.13271 1.26443,3.45083 3.84597,4.162069c2.58154,0.711241 4.58355,-0.052679 4.58355,-0.052679l1.81762,-0.76392","m19.21633,2.28925l0.02634,26.131509l0.02634,-10.089079c0,0 0.895639,-3.18741 2.028349,-4.26744c1.132721,-1.080041 2.02836,-2.52886 4.425501,-2.21275c2.39715,0.3161 3.635229,2.3708 2.423491,4.267441c-1.21175,1.896639 -4.76795,2.63423 -6.190432,2.713249c-1.42248,0.079029 -2.555199,0.10537 -2.555199,0.10537l0.605869,0.079031l6.559219,7.40217c0,0 2.16007,2.37081 4.083052,1.633219c1.922989,-0.737579 1.080029,-0.39513 1.080029,-0.39513l0.079031,0.052691"}	{"m14.05304,12.9629c0,0 -3.39794,-2.32316 -7.375619,0.33741c-3.97768,2.66057 -3.18741,9.588579 -2.7396,10.7213c0.44782,1.13271 1.26443,3.45083 3.84597,4.162069c2.58154,0.711241 4.58355,-0.052679 4.58355,-0.052679l1.81762,-0.76392","m19.177,2.28925l0.0264,26.13155l0.0656,-10.0498l8.49995,-6.26128l-8.49995,6.26128l9.0225,9.93689"}
124	e	e	1	e	122	{"m2.20971,13.47351c0,0 2.58084,0.48614 3.44714,0.48614c0.92808,0 1.5689,0.08839 2.98311,-0.24307c1.41422,-0.33145 1.76777,-0.39774 2.828429,-1.03856c1.06066,-0.640821 1.856151,-1.215341 2.49697,-2.36439c0.64081,-1.14905 0.39775,-2.32019 0.22097,-2.93891c-0.17678,-0.61872 -0.99437,-2.01084 -2.20971,-2.49697c-1.21534,-0.48614 -2.87262,-0.64082 -4.39732,-0.19888c-1.46334,0.42416 -2.85052,1.591 -3.46924,2.54117c-0.61872,0.95017 -1.30373,2.14342 -1.67938,4.13215c-0.37565,1.98874 -0.33146,3.20408 -0.08839,4.552c0.24307,1.347929 0.41985,2.47488 1.61309,3.93329c1.19324,1.458399 1.87825,1.679369 3.24827,2.055019c1.37002,0.37566 3.15988,0.08839 4.11006,-0.154671c0.95017,-0.243069 2.2318,-0.972279 2.2318,-0.972279"}	{"m2.20971,13.47351c0,0 2.58084,0.48614 3.44714,0.48614c0.92808,0 1.5689,0.08839 2.98311,-0.24307c1.41422,-0.33145 1.76777,-0.39774 2.828429,-1.03856c1.06066,-0.640821 1.856151,-1.215341 2.49697,-2.36439c0.64081,-1.14905 0.39775,-2.32019 0.22097,-2.93891c-0.17678,-0.61872 -0.99437,-2.01084 -2.20971,-2.49697c-1.21534,-0.48614 -2.87262,-0.64082 -4.39732,-0.19888c-1.46334,0.42416 -2.85052,1.591 -3.46924,2.54117c-0.61872,0.95017 -1.30373,2.14342 -1.67938,4.13215c-0.37565,1.98874 -0.33146,3.20408 -0.08839,4.552c0.24307,1.347929 0.41985,2.47488 1.61309,3.93329c1.19324,1.458399 1.87825,1.679369 3.24827,2.055019c1.37002,0.37566 3.15988,0.08839 4.11006,-0.154671c0.95017,-0.243069 2.2318,-0.972279 2.2318,-0.972279"}
125	h	h	2	h	122	{"m1.12695,0.19317l0.0221,27.974909l0,-6.805899c0,0 0.13258,-3.27037 0.50823,-4.26474c0.37565,-0.994371 0.88388,-3.425051 2.36439,-4.90556c1.4805,-1.4805 3.49134,-1.87825 4.72878,-1.67937c1.124579,0.18073 1.72357,0.19887 3.20407,2.01083c1.48051,1.81196 1.03518,7.52758 1.038569,7.822371c0.004801,0.421009 0,4.065859 0,4.065859c0,0 -0.06629,1.502611 0.464041,2.3423c0.53033,0.839689 0.68501,1.126949 1.92244,1.30372c1.23744,0.176779 1.988741,-0.61871 1.988741,-0.61871"}	{"m1.12695,0.15138l0.0221,27.97491l0,-6.8059c0,0 0.13258,-3.27037 0.50823,-4.26474c0.37565,-0.99437 0.88388,-3.42505 2.36439,-4.90556c1.4805,-1.4805 3.49134,-1.87825 4.72878,-1.67937c1.12458,0.18073 1.72357,0.19887 3.20407,2.01083c1.48051,1.81196 1.03518,7.52758 1.03857,7.82237l0,7.82237"}
126	r	r	3	r	122	{"m1.19324,10.5567c0,0 0.0442,0.13258 0.17678,0.7734c0.13258,0.64081 0.30936,2.89472 0.35355,4.61829c0.0442,1.723571 -0.02209,12.263881 -0.02209,12.263881l0.06629,-6.474442c0,0 0.02624,-4.231659 0.77339,-6.23138c0.75131,-2.010839 1.85616,-3.88909 3.27037,-4.39732c1.84127,-0.66171 2.91682,-0.30936 4.19845,0.13258"}	{"m1.19324,10.5567c0,0 0.0442,0.13258 0.17678,0.7734c0.13258,0.64081 0.30936,2.89472 0.35355,4.61829c0.0442,1.723571 -0.02209,12.263881 -0.02209,12.263881l0.06629,-6.474442c0,0 0.02624,-4.231659 0.77339,-6.23138c0.75131,-2.010839 1.85616,-3.88909 3.27037,-4.39732c1.84127,-0.66171 2.91682,-0.30936 4.19845,0.13258"}
135	b	b	5	b	129	{"m2.14342,0.41414l0.02209,27.00264l-0.04419,-5.54637c0,0 0.11049,-4.06587 0.86179,-5.413792c0.7513,-1.347919 1.32582,-4.331029 4.28683,-5.21491c2.96101,-0.88388 4.81717,-0.11049 6.27557,1.32582c1.458409,1.436311 2.20971,5.50218 1.76777,7.95496c-0.44583,2.474371 -1.06066,4.198441 -2.87262,6.12089c-1.81196,1.922451 -4.44151,2.055031 -6.430251,1.701471c-1.98874,-0.35355 -3.99958,-1.30372 -3.99958,-1.30372"}	{"m2.14342,0.41414l0.02209,27.00264l-0.04419,-5.54637c0,0 0.11049,-4.06587 0.86179,-5.413792c0.7513,-1.347919 1.32582,-4.331029 4.28683,-5.21491c2.96101,-0.88388 4.81717,-0.11049 6.27557,1.32582c1.458409,1.436311 2.20971,5.50218 1.76777,7.95496c-0.44583,2.474371 -1.06066,4.198441 -2.87262,6.12089c-1.81196,1.922451 -4.44151,2.055031 -6.430251,1.701471c-1.98874,-0.35355 -3.99958,-1.30372 -3.99958,-1.30372"}
127	m	m	4	m	122	{"m1.5026,1.32012c0,0 0.33146,0.88388 0.41985,1.87825c0.08838,0.99437 0.19887,1.19324 0.30936,4.30893c0.11048,3.11569 -0.0221,11.4242 -0.0221,11.4242l0.0221,-8.70626c0,0 0.19887,-4.24264 1.85615,-6.23137c1.65728,-1.98874 2.74004,-2.43068 4.375219,-2.56327c1.63519,-0.13258 2.69585,0.39775 3.557631,1.25954c0.86179,0.86178 1.37002,2.56326 1.43632,3.44714c0.06629,0.88389 0.088389,12.81631 0.088389,12.81631l-0.022099,-9.47965c0,0 0.397739,-4.5078 1.988729,-6.0767c1.59099,-1.56889 3.027309,-2.03293 4.375231,-1.98873c1.347919,0.04419 2.07712,0.19887 3.24827,1.30372c1.17115,1.10486 1.193239,3.66812 1.259529,4.86136c0.06629,1.19325 -0.0221,0.37565 -0.0221,1.85616c0,1.480499 -0.022099,5.457979 -0.022099,5.457979c0,0 -0.13258,2.03293 0.552429,2.98311c0.685011,0.950171 1.45841,1.171141 2.121321,1.08275c0.662909,-0.08839 1.613089,-0.33145 1.856159,-0.618721"}	{"m2.03625,2.20954c0,0 0.33146,0.88388 0.41985,1.87825c0.08838,0.99437 0.19887,1.19324 0.30936,4.30893c0.11048,3.1157 -0.0221,11.4242 -0.0221,11.4242l0.0221,-8.7063c0,0 0.19887,-4.2426 1.85615,-6.23133c1.65728,-1.98874 2.74004,-2.43068 4.37522,-2.56327c1.63522,-0.13258 2.69582,0.39775 3.55762,1.25954c0.8618,0.86178 1.37,2.56326 1.4363,3.44714c0.0663,0.88389 0.0884,12.81632 0.0884,12.81632l-0.0221,-9.47966c0,0 0.3978,-4.5078 1.9887,-6.0767c1.591,-1.56889 3.0274,-2.03293 4.3753,-1.98873c1.3479,0.04419 2.0771,0.19887 3.2483,1.30372c1.1711,1.10486 1.1932,3.66812 1.2595,4.86136l-0.1035,11.40542"}
128	d	d	5	d	122	{"m14.385201,11.92672l0.552429,0.06629l-0.46404,-0.022099c0,0 -1.32582,-0.61872 -2.320189,-0.86179c-0.99437,-0.243071 -2.14342,-0.57452 -3.86699,-0.28726c-1.72357,0.28726 -3.557631,1.21534 -4.33103,2.2981c-0.7734,1.08275 -1.94454,2.93891 -2.16552,5.59056c-0.22097,2.651649 0.0663,5.104429 0.83969,6.27557c0.7734,1.17115 1.5689,2.60746 3.53554,3.071501c1.96664,0.464039 3.35876,0.044189 4.35312,-0.50823c0.99437,-0.552431 2.276,-1.723579 3.049399,-3.55764c0.7734,-1.834051 1.23744,-5.877821 1.281631,-6.452351c0.0442,-0.57452 -0.066291,-17.25782 -0.066291,-17.25782l0.066291,20.550291l0,3.62392c0,0 0.022099,1.701479 0.68501,2.607458c0.66292,0.905981 1.29896,1.223181 2.2981,1.016472c0.64082,-0.132591 1.01647,-0.397751 1.01647,-0.397751"}	{"m14.3852,11.96851l0.55243,0.06629l-0.46404,-0.0221c0,0 -1.32582,-0.61872 -2.32019,-0.86179c-0.99437,-0.24307 -2.14342,-0.57452 -3.86699,-0.28726c-1.72357,0.28726 -3.55763,1.21534 -4.33103,2.2981c-0.7734,1.08275 -1.94454,2.93891 -2.16552,5.59056c-0.22097,2.65165 0.0663,5.10443 0.83969,6.27557c0.7734,1.17115 1.5689,2.60746 3.53554,3.0715c1.96664,0.46404 3.35876,0.04419 4.35312,-0.50823c0.99437,-0.55243 2.276,-1.72358 3.0494,-3.55764c0.7734,-1.83405 1.23744,-5.87782 1.28163,-6.45235c0.0442,-0.57452 -0.06629,-17.25782 -0.06629,-17.25782l0.06629,20.55029l0.04346,7.12637"}
130	g	g	0	g	129	{"m14.82714,1.49689c0,0 -1.988729,-0.7071 -4.13215,-0.66291c-2.14342,0.0442 -3.7565,0.28726 -5.50217,1.23744c-1.74567,0.95017 -3.20408,3.24827 -3.51344,4.22054c-0.30936,0.97227 -1.17115,4.88346 -0.26517,7.35833c0.90598,2.47488 1.96664,4.35313 5.19282,4.529911c3.226171,0.176769 4.68458,-1.21534 5.85573,-3.0936c1.17114,-1.87825 1.87825,-5.19281 1.87825,-6.38605c0,-1.19325 -0.06629,-7.29204 -0.06629,-7.29204l0.06629,19.511721c0,0 -0.09191,4.293388 -1.45841,6.49655c-1.400599,2.258139 -3.57287,3.082199 -4.72878,3.204079c-0.95696,0.100891 -1.74358,0.641321 -5.93765,-1.353069c-0.17312,-0.082319 -0.39616,-0.30151 -0.58099,-0.392599"}	{"m14.82714,1.49689c0,0 -1.988729,-0.7071 -4.13215,-0.66291c-2.14342,0.0442 -3.7565,0.28726 -5.50217,1.23744c-1.74567,0.95017 -3.20408,3.24827 -3.51344,4.22054c-0.30936,0.97227 -1.17115,4.88346 -0.26517,7.35833c0.90598,2.47488 1.96664,4.35313 5.19282,4.529911c3.226171,0.176769 4.68458,-1.21534 5.85573,-3.0936c1.17114,-1.87825 1.87825,-5.19281 1.87825,-6.38605c0,-1.19325 -0.06629,-7.29204 -0.06629,-7.29204l0.06629,19.511721c0,0 -0.09191,4.293388 -1.45841,6.49655c-1.400599,2.258139 -3.57287,3.082199 -4.72878,3.204079c-0.95696,0.100891 -1.74358,0.641321 -5.93765,-1.353069c-0.17312,-0.082319 -0.39616,-0.30151 -0.58099,-0.392599"}
131	o	o	1	o	129	{"m8.46318,0.63511c0,0 -4.375219,-0.44194 -6.47444,3.8007c-2.09923,4.24264 -0.70711,9.94369 0.35355,11.3579c1.06066,1.41421 2.58536,2.85052 5.74524,2.78423c3.15989,-0.06629 5.70105,-2.01083 6.54074,-5.45798c0.83969,-3.44714 0.707109,-7.31413 -1.281631,-9.96578c-1.98874,-2.65165 -4.88346,-2.51907 -4.88346,-2.51907z"}	{"m8.46318,0.63511c0,0 -4.375219,-0.44194 -6.47444,3.8007c-2.09923,4.24264 -0.70711,9.94369 0.35355,11.3579c1.06066,1.41421 2.58536,2.85052 5.74524,2.78423c3.15989,-0.06629 5.70105,-2.01083 6.54074,-5.45798c0.83969,-3.44714 0.707109,-7.31413 -1.281631,-9.96578c-1.98874,-2.65165 -4.88346,-2.51907 -4.88346,-2.51907z"}
132	u	u	2	u	129	{"m1.14905,0.85608c0,0 0.15468,1.98874 0.24307,3.33666c0.08838,1.34792 0.06629,8.37479 0.06629,8.66206c0,0.28726 0.15468,2.51906 1.06066,3.756499c0.90598,1.23744 2.60745,2.010841 4.06586,1.87825c1.45841,-0.13258 3.00521,-0.33145 4.41942,-2.055029c1.41421,-1.723571 2.20971,-4.728771 2.253901,-6.60702c0.044189,-1.87826 -0.04419,-8.97142 -0.04419,-8.97142l0.04419,12.46276c0,0 -0.17677,3.049391 0.86179,4.220539c1.03856,1.171141 2.010831,1.01646 2.828429,0.596621c0.817591,-0.41984 0.839691,-0.397749 0.839691,-0.397749"}	{"m1.14905,0.85608c0,0 0.15468,1.98874 0.24307,3.33666c0.08838,1.34792 0.06629,8.37479 0.06629,8.66206c0,0.28726 0.15468,2.51906 1.06066,3.7565c0.90598,1.23744 2.60745,2.01084 4.06586,1.87825c1.45841,-0.13258 3.00521,-0.33145 4.41942,-2.05503c1.41421,-1.72357 2.20971,-4.72877 2.2539,-6.60702c0.04419,-1.87826 -0.04419,-8.97142 -0.04419,-8.97142l0.04419,12.46276c0,0 -0.17677,3.04939 0.86179,4.22054"}
133	l	l	3	l	129	{"m1.67938,0.54672l0.04419,22.60532c0,0 -0.04816,3.866529 1.12695,4.883459c1.14905,0.99436 2.78424,0.37565 3.31457,-0.0221"}	{"m1.5942,0.54672l0.04419,28.45328"}
134	f	f	4	f	129	{"m15.68893,-17.09973c0,0 -3.181979,-1.237431 -5.170719,0.972269c-1.98873,2.20971 -1.32582,8.728351 -1.41421,9.015621c-0.08839,0.28726 0.022099,20.88174 -0.0221,21.367879c-0.044189,0.486131 0.08839,4.28683 -1.54679,6.120891c-1.22698,1.376209 -2.18761,1.67938 -4.08796,1.701479c-1.90035,0.0221 -2.96101,-0.618719 -2.96101,-0.618719","m4.5299,-6.60361l9.94369,0.0221"}	{"m15.68893,-17.09973c0,0 -3.18198,-1.23743 -5.17072,0.97227c-1.98873,2.20971 -1.32582,8.72835 -1.41421,9.01562l-0.0221,21.36788","m4.5299,-6.60361l9.94369,0.0221"}
137	á	ai	0	ai	136	{"m13.45713,7.66198c0,0 -1.944551,-0.95017 -3.95538,-0.7513c-2.01084,0.19887 -3.93328,0.35355 -5.59057,1.98874c-1.65728,1.63518 -2.69584,3.889091 -2.80633,6.49654c-0.11048,2.60746 0.33146,6.098801 2.47488,7.5793c2.14342,1.480511 3.06948,1.063301 3.73441,1.10486c0.7071,0.044189 3.535531,-0.7955 4.795061,-3.668119c1.25954,-2.872622 1.281639,-3.579731 1.281639,-3.579731l-0.022099,-9.74481l0,10.717081c0,0 -0.08839,1.347929 0.044189,2.872629c0.132581,1.524691 0.79549,3.18198 2.03293,3.358749c1.237431,0.176781 2.187611,-0.41984 2.96101,-1.325819c0.77339,-0.905981 1.767759,-2.784241 2.187611,-3.955379c0.41984,-1.17115 0.92808,-2.496971 0.92808,-2.496971l-0.0221,-9.67853l0,12.50695c0,0 -0.044189,2.82843 0.44194,3.8228c0.48613,0.99437 1.104851,1.23744 1.43631,1.14905c0.33145,-0.08839 0.33145,0.309361 2.121321,-0.86179","m21.655149,2.02722l-0.44195,-0.17677c-0.13258,-0.24307 0.353559,-0.15468 0.353559,-0.0221c0,0.13258 -0.220968,0.44194 -0.397749,0.24307c-0.176781,-0.19888 0,-0.41985 0.48613,-0.0442l0.00001,0z"}	{"m13.84375,16.79688c0,0 -1.65625,-1.53125 -4.84375,-1.28125c-3.1875,0.25 -4.90625,2.04687 -5.82812,3.20312c-0.92188,1.15625 -2.17188,4.8125 -1.59375,7.71875c0.57812,2.90625 1.65625,5.42188 4.14062,6.04688c2.48438,0.625 5.14063,-0.73438 6.60938,-3.21875c1.46875,-2.48438 1.54687,-4.40625 1.54687,-4.40625l-0.03125,-8.0625z","m13.90174,16.35377l-0.0442,9.75558c-0.032,0.86664 0.0437,4.40399 0.0476,6.09501","m21.37372,15.72367l0.10793,16.64091","m21.40199,11.90064l-0.44195,-0.17677c-0.13258,-0.24307 0.35356,-0.15468 0.35356,-0.0221c0,0.13258 -0.22097,0.44194 -0.39775,0.24307c-0.17678,-0.19888 0,-0.41985 0.48613,-0.0442l0.00001,0z"}
138	j	j	1	j	136	{"m10.25309,9.46118l0.07195,21.369591c0,0 0.07195,4.06526 -1.97867,6.727468c-2.05061,2.662201 -6.72746,0.071953 -6.72746,0.071953","m10.18114,2.73371c0.57561,-0.03597 0.64756,0.61159 0.17988,0.61159c-0.46769,0 -0.50366,-0.57561 -0.17988,-0.61159z"}	{"m10.25309,9.46118l0.07195,21.369591c0,0 0.07195,4.06526 -1.97867,6.727468c-2.05061,2.662201 -6.72746,0.071953 -6.72746,0.071953","m10.18114,2.73371c0.57561,-0.03597 0.64756,0.61159 0.17988,0.61159c-0.46769,0 -0.50366,-0.57561 -0.17988,-0.61159z"}
139	ä	oa	2	oa	136	{"m11.93243,1.93884c-0.464041,-0.17678 -0.61872,-0.26517 -0.61872,-0.26517c0,0 -0.66291,-0.46404 -1.568891,-0.59662c-0.90599,-0.13258 -3.18199,-0.48614 -5.01604,0.64082c-1.83406,1.12695 -3.35876,3.38085 -3.77861,6.49654c-0.41984,3.11569 0.46404,6.850101 1.74567,8.220111c1.28164,1.37002 3.53554,2.717949 6.20929,2.25391c2.673739,-0.464041 3.88908,-1.568901 5.060229,-3.646021c1.17115,-2.07713 1.215341,-4.86136 1.149051,-5.76734c-0.066291,-0.90598 -0.287271,-3.31456 -0.97227,-4.5962c-0.68501,-1.28163 -2.165521,-2.85052 -2.62956,-3.0273","m11.3579,1.67367c0,0 2.806331,0.50823 5.656859,0.50823c2.850521,0 5.767342,0.0221 7.468811,-0.30936c1.701479,-0.33145 2.364389,-0.59662 3.314569,-0.59662c0.950171,0 2.93014,0.15127 4.507799,0.61872c1.193241,0.35356 -1.149048,-0.33145 -1.149048,-0.33145c0,0 -5.02095,-0.71263 -6.761711,0.53033c-1.87715,1.34035 -1.82476,0.70827 -3.57972,4.46361c-1.732191,3.70659 -0.44195,6.73961 -0.309361,7.31413c0.13258,0.574531 0.751301,2.38649 1.94454,3.358761c1.193241,0.972269 2.342291,1.67938 4.26474,1.28163c1.922451,-0.397751 3.513441,-1.72357 4.375219,-3.29246c0.861792,-1.5689 1.458412,-2.85053 1.480511,-4.08797c0.022099,-1.23743 -0.022099,-9.65642 -0.022099,-9.65642l0.022099,12.153399c0,0 0,2.187611 0.508232,3.226171c0.508228,1.038559 1.104847,1.63518 1.856148,1.613091c0.751308,-0.0221 1.347931,-0.132591 1.856159,-0.574532"}	{"m11.93243,1.93884c-0.46404,-0.17678 -0.61872,-0.26517 -0.61872,-0.26517c0,0 -0.66291,-0.46404 -1.56889,-0.59662c-0.90599,-0.13258 -3.18199,-0.48614 -5.01604,0.64082c-1.83406,1.12695 -3.35876,3.38085 -3.77861,6.49654c-0.41984,3.11569 0.46404,6.8501 1.74567,8.22011c1.28164,1.37002 3.53554,2.71795 6.20929,2.25391c2.67374,-0.46404 3.88908,-1.5689 5.06023,-3.64602c1.17115,-2.07713 1.21534,-4.86136 1.14905,-5.76734c-0.06629,-0.90598 -0.28727,-3.31456 -0.97227,-4.5962c-0.68501,-1.28163 -2.16552,-2.85052 -2.62956,-3.0273","m11.3579,1.67367c0,0 2.80633,0.50823 5.65686,0.50823c2.85052,0 5.76734,0.0221 7.46881,-0.30936c1.70148,-0.33145 2.36439,-0.59662 3.31457,-0.59662c0.95017,0 2.93014,0.15127 4.5078,0.61872c1.19324,0.35356 -1.14905,-0.33145 -1.14905,-0.33145c0,0 -5.02095,-0.71263 -6.76171,0.53033c-1.87715,1.34035 -1.82476,0.70827 -3.57972,4.46361c-1.73219,3.70659 -0.44195,6.73961 -0.30936,7.31413c0.13258,0.57453 0.7513,2.38649 1.94454,3.35876c1.19324,0.97227 2.34229,1.67938 4.26474,1.28163c1.92245,-0.39775 3.51344,-1.72357 4.37522,-3.29246c0.86179,-1.5689 1.45841,-2.85053 1.48051,-4.08797c0.0221,-1.23743 -0.0221,-9.65642 -0.0221,-9.65642l0.0221,12.1534c0,0 0.10024,3.75793 0.60847,4.79649"}
140	â	ie	3	ie	136	{"m1.17115,7.72827l0.04419,13.43503c0,0 -0.17678,3.46924 1.56889,3.97748c1.74567,0.50823 3.24827,-0.662909 4.04377,-1.834059c0.7955,-1.17115 2.032929,-3.447151 2.36439,-4.26474c0.33145,-0.817591 0.26516,-2.209711 0.26516,-2.209711l1.43631,0.15468c0,0 1.63519,0.243071 2.54117,0.15468c0.90598,-0.08839 3.33666,-0.08839 4.70668,-0.883881c1.37002,-0.7955 2.67375,-1.70148 3.18198,-3.402949c0.50823,-1.70148 -0.618721,-3.73441 -1.37002,-4.220551c-0.751301,-0.48613 -1.988741,-1.43631 -4.662491,-0.83969c-2.673739,0.59663 -4.375219,3.22618 -4.64038,3.77861c-0.26517,0.552421 -1.25954,2.71794 -1.32583,5.502171c-0.06629,2.784229 1.126949,5.72315 2.276,6.673319c1.14905,0.95018 2.40858,1.767771 4.79507,1.59099c2.38648,-0.176779 3.82279,-1.104849 4.26474,-1.28163","m1.41421,0.85608c-0.48613,-0.0221 -0.50823,0.55243 -0.11048,0.57452c0.39775,0.0221 0.44194,-0.55242 0.11048,-0.57452z"}	{"m1.17115,7.72827l0.04419,13.43503c0,0 -0.17678,3.46924 1.56889,3.97748c1.74567,0.50823 3.24827,-0.662909 4.04377,-1.834059c0.7955,-1.17115 2.032929,-3.447151 2.36439,-4.26474c0.33145,-0.817591 0.26516,-2.209711 0.26516,-2.209711l1.43631,0.15468c0,0 1.63519,0.243071 2.54117,0.15468c0.90598,-0.08839 3.33666,-0.08839 4.70668,-0.883881c1.37002,-0.7955 2.67375,-1.70148 3.18198,-3.402949c0.50823,-1.70148 -0.618721,-3.73441 -1.37002,-4.220551c-0.751301,-0.48613 -1.988741,-1.43631 -4.662491,-0.83969c-2.673739,0.59663 -4.375219,3.22618 -4.64038,3.77861c-0.26517,0.552421 -1.25954,2.71794 -1.32583,5.502171c-0.06629,2.784229 1.126949,5.72315 2.276,6.673319c1.14905,0.95018 2.40858,1.767771 4.79507,1.59099c2.38648,-0.176779 3.82279,-1.104849 4.26474,-1.28163","m1.41421,0.85608c-0.48613,-0.0221 -0.50823,0.55243 -0.11048,0.57452c0.39775,0.0221 0.44194,-0.55242 0.11048,-0.57452z"}
141	à	ee	4	ee	136	{"m0.81759,9.7833c0,0 1.96664,0.375649 3.42505,0.39775c1.45841,0.022099 4.88346,-0.176781 6.34186,-1.41421c1.458409,-1.23744 3.049399,-2.69585 1.789869,-5.81154c-1.25342,-3.10056 -5.944119,-2.2318 -6.76171,-1.76776c-0.76291,0.433 -2.16551,0.92807 -3.7786,4.08796c-1.61309,3.15988 -1.06066,7.77817 -0.48614,8.86093c0.57453,1.08275 1.92245,3.93328 4.90556,4.176351c2.9831,0.243071 4.68458,-0.397751 6.49654,-1.43631c1.81196,-1.03857 5.87782,-4.48571 5.988311,-4.90556c0.110479,-0.41984 0.022099,-2.14341 0.022099,-2.14341c0,0 3.358761,0.55242 5.082331,0.33145c1.72357,-0.22097 3.999571,-0.7734 5.016041,-1.78986c1.01647,-1.01647 1.811958,-1.63519 1.745668,-3.53554c-0.066299,-1.90035 -1.480509,-3.66811 -3.027309,-3.95537c-1.546789,-0.28727 -4.04376,-0.50824 -6.032499,1.74567c-1.988741,2.2539 -2.651651,5.08233 -2.850521,6.7838c-0.198879,1.70148 0.464031,5.08233 1.104851,5.92202c0.64082,0.839689 1.613091,2.69585 4.154249,3.0494c2.54117,0.35355 5.612661,-0.972271 5.966221,-1.23744"}	{"m0.81759,9.7833c0,0 1.96664,0.375649 3.42505,0.39775c1.45841,0.022099 4.88346,-0.176781 6.34186,-1.41421c1.458409,-1.23744 3.049399,-2.69585 1.789869,-5.81154c-1.25342,-3.10056 -5.944119,-2.2318 -6.76171,-1.76776c-0.76291,0.433 -2.16551,0.92807 -3.7786,4.08796c-1.61309,3.15988 -1.06066,7.77817 -0.48614,8.86093c0.57453,1.08275 1.92245,3.93328 4.90556,4.176351c2.9831,0.243071 4.68458,-0.397751 6.49654,-1.43631c1.81196,-1.03857 5.87782,-4.48571 5.988311,-4.90556c0.110479,-0.41984 0.022099,-2.14341 0.022099,-2.14341c0,0 3.358761,0.55242 5.082331,0.33145c1.72357,-0.22097 3.999571,-0.7734 5.016041,-1.78986c1.01647,-1.01647 1.811958,-1.63519 1.745668,-3.53554c-0.066299,-1.90035 -1.480509,-3.66811 -3.027309,-3.95537c-1.546789,-0.28727 -4.04376,-0.50824 -6.032499,1.74567c-1.988741,2.2539 -2.651651,5.08233 -2.850521,6.7838c-0.198879,1.70148 0.464031,5.08233 1.104851,5.92202c0.64082,0.839689 1.613091,2.69585 4.154249,3.0494c2.54117,0.35355 5.612661,-0.972271 5.966221,-1.23744"}
142	ê	or	5	or	136	{"m11.75565,1.56319c0,0 -1.811959,-1.10486 -4.17635,-0.86179c-2.36439,0.24307 -3.60182,1.06066 -4.92765,2.67375c-1.32582,1.61308 -2.09922,6.12089 -1.39212,8.949321c0.70711,2.82842 1.23744,4.308929 3.75651,5.63475c2.51907,1.325829 6.01041,0.176779 7.00478,-0.7292c0.99436,-0.905981 2.806331,-3.027301 2.96101,-5.96621c0.15468,-2.93892 0.06629,-5.14862 -0.68501,-6.8501c-0.751309,-1.70148 -2.93892,-3.11569 -2.93892,-3.11569c0,0 0.508241,0.22097 3.00521,0.48614c2.496971,0.26516 5.669321,0.13687 6.386051,-0.08839c0.773399,-0.24307 1.281639,-0.33146 1.281639,-0.33146c0,0 0.309351,2.14342 0.26516,3.31456c-0.044189,1.17115 0.0221,13.74439 0.0221,13.74439l0,-8.19802c0,0 0.689819,-5.02496 1.30373,-6.16508c0.618721,-1.14905 1.3613,-2.76126 3.999571,-3.0273c2.629549,-0.26517 2.983109,0.15467 3.159889,0.13258"}	{"m11.75565,1.56319c0,0 -1.811959,-1.10486 -4.17635,-0.86179c-2.36439,0.24307 -3.60182,1.06066 -4.92765,2.67375c-1.32582,1.61308 -2.09922,6.12089 -1.39212,8.949321c0.70711,2.82842 1.23744,4.308929 3.75651,5.63475c2.51907,1.325829 6.01041,0.176779 7.00478,-0.7292c0.99436,-0.905981 2.806331,-3.027301 2.96101,-5.96621c0.15468,-2.93892 0.06629,-5.14862 -0.68501,-6.8501c-0.751309,-1.70148 -2.93892,-3.11569 -2.93892,-3.11569c0,0 0.508241,0.22097 3.00521,0.48614c2.496971,0.26516 5.669321,0.13687 6.386051,-0.08839c0.773399,-0.24307 1.281639,-0.33146 1.281639,-0.33146c0,0 0.309351,2.14342 0.26516,3.31456c-0.044189,1.17115 0.0221,13.74439 0.0221,13.74439l0,-8.19802c0,0 0.689819,-5.02496 1.30373,-6.16508c0.618721,-1.14905 1.3613,-2.76126 3.999571,-3.0273c2.629549,-0.26517 2.983109,0.15467 3.159889,0.13258"}
144	z	z	0	z	143	{"m1.01647,0.92237l11.79984,-0.04419l-12.57324,16.61701c0,0 8.617859,0.22097 9.43545,0.08839c0.8176,-0.132589 2.651649,-0.0221 3.46925,-0.331461"}	{"m1.01647,0.92237l11.79984,-0.04419l-12.57324,16.61701c0,0 8.617859,0.22097 9.43545,0.08839c0.8176,-0.132589 2.651649,-0.0221 3.46925,-0.331461"}
145	w	w	1	w	143	{"m1.03856,-17.60796l4.5741,15.44586l0.35355,1.19325c0,0 0.50824,1.30373 1.61309,0.92807c1.10486,-0.37565 1.19324,-1.65728 1.5247,-2.58536c0.33146,-0.92807 4.56305,-14.639319 4.56305,-14.639319l0.18783,0l4.529901,15.854659c0,0 0.397749,1.43631 1.347919,1.39212c0.95018,-0.04419 1.038559,-0.53033 1.259529,-0.97227c0.22098,-0.44194 5.28121,-16.594909 5.28121,-16.594909"}	{"m1.03856,-17.60796l4.5741,15.44586l0.35355,1.19325c0,0 0.50824,1.30373 1.61309,0.92807c1.10486,-0.37565 1.19324,-1.65728 1.5247,-2.58536c0.33146,-0.92807 4.56305,-14.639319 4.56305,-14.639319l0.18783,0l4.529901,15.854659c0,0 0.397749,1.43631 1.347919,1.39212c0.95018,-0.04419 1.038559,-0.53033 1.259529,-0.97227c0.22098,-0.44194 5.28121,-16.594909 5.28121,-16.594909"}
146	ú	ng	2	ng	143	{"m0.66291,0.83398c0,0 0.37565,0.86179 0.55243,3.29247c0.17678,2.43068 0.04419,8.59576 0.04419,8.59576l0.0221,5.76734l0,-8.17592c0,0 0.24307,-3.44714 1.5026,-5.43588c1.25954,-1.98874 2.45278,-3.40295 3.93328,-3.8007c1.48051,-0.39775 3.97748,-0.44194 5.21492,1.43631c1.23743,1.87825 1.10485,4.35313 1.10485,4.35313l0.08839,7.71188c0,0 -0.066291,2.18761 1.104859,3.159881c1.171141,0.972269 1.834051,0.72921 2.894711,0.28726c1.060659,-0.44194 3.0273,-2.983101 3.668119,-5.34749c0.64082,-2.36439 0.685011,-2.43068 0.685011,-2.43068c0,0 -0.13258,-5.19282 3.11569,-7.66769c3.24827,-2.47487 7.15946,-1.72357 7.77817,-1.56889c0.618721,0.15468 2.38649,0.81759 2.38649,0.81759c0,0 -2.276001,-1.08276 -3.40295,-1.06066c-1.126949,0.0221 -5.92202,-0.24307 -8.08754,3.24827c-2.16551,3.49134 -1.679371,5.70105 -1.74567,6.56284c-0.06629,0.86178 0.08839,4.264729 1.59099,5.83363c1.502609,1.56889 3.579729,2.03293 5.19282,1.72357c1.613091,-0.309361 3.38085,-0.99437 4.463612,-2.828429c1.08276,-1.834061 1.856159,-5.789431 1.856159,-5.789431l0.044201,-8.30851l-0.022102,20.572391c0,0 0.110481,3.137789 -1.546799,5.76734c-1.65728,2.629549 -3.933281,2.850519 -5.148621,2.93891c-1.21534,0.08839 -3.53553,-0.19887 -4.99394,-1.259529c-1.45841,-1.060661 -0.86179,-0.618721 -0.86179,-0.618721"}	{"m0.66291,0.83398c0,0 0.37565,0.86179 0.55243,3.29247c0.17678,2.43068 0.04419,8.59576 0.04419,8.59576l0.0221,5.76734l0,-8.17592c0,0 0.24307,-3.44714 1.5026,-5.43588c1.25954,-1.98874 2.45278,-3.40295 3.93328,-3.8007c1.48051,-0.39775 3.97748,-0.44194 5.21492,1.43631c1.23743,1.87825 1.10485,4.35313 1.10485,4.35313l0.08839,7.71188c0,0 -0.066291,2.18761 1.104859,3.159881c1.171141,0.972269 1.834051,0.72921 2.894711,0.28726c1.060659,-0.44194 3.0273,-2.983101 3.668119,-5.34749c0.64082,-2.36439 0.685011,-2.43068 0.685011,-2.43068c0,0 -0.13258,-5.19282 3.11569,-7.66769c3.24827,-2.47487 7.15946,-1.72357 7.77817,-1.56889c0.618721,0.15468 2.38649,0.81759 2.38649,0.81759c0,0 -2.276001,-1.08276 -3.40295,-1.06066c-1.126949,0.0221 -5.92202,-0.24307 -8.08754,3.24827c-2.16551,3.49134 -1.679371,5.70105 -1.74567,6.56284c-0.06629,0.86178 0.08839,4.264729 1.59099,5.83363c1.502609,1.56889 3.579729,2.03293 5.19282,1.72357c1.613091,-0.309361 3.38085,-0.99437 4.463612,-2.828429c1.08276,-1.834061 1.856159,-5.789431 1.856159,-5.789431l0.044201,-8.30851l-0.022102,20.572391c0,0 0.110481,3.137789 -1.546799,5.76734c-1.65728,2.629549 -3.933281,2.850519 -5.148621,2.93891c-1.21534,0.08839 -3.53553,-0.19887 -4.99394,-1.259529c-1.45841,-1.060661 -0.86179,-0.618721 -0.86179,-0.618721"}
147	v	v	3	v	143	{"m1.17115,0.36994l5.81153,16.6833c0,0 0.41988,0.90469 1.21534,0.92808c0.7513,0.022091 0.90073,-0.29604 1.21534,-0.839689c0.32522,-0.561991 5.87782,-16.77169 5.87782,-16.77169"}	{"m1.17115,0.36994l5.81153,16.6833c0,0 0.41988,0.90469 1.21534,0.92808c0.7513,0.022091 0.90073,-0.29604 1.21534,-0.839689c0.32522,-0.561991 5.87782,-16.77169 5.87782,-16.77169"}
148	ù	oo	4	oo	143	{"m9.74943,2.33798c0,0 -3.95733,-0.28781 -5.86405,2.48233c-1.90671,2.77013 -1.87074,7.95064 -1.11525,10.36101c0.75549,2.410379 3.16587,5.36039 6.72747,4.964661c3.561601,-0.395741 5.25246,-2.30245 6.043921,-4.676851c0.791471,-2.374399 1.115251,-6.25978 0.03598,-9.02992c-1.07927,-2.77013 -4.029281,-4.31709 -5.828071,-4.10123z","m10.21711,2.33798c8.418331,1.61891 18.23971,0.35976 19.21105,0.07195c0.97135,-0.28781 -4.17318,-0.39573 -5.97197,3.66953c-1.79879,4.06526 -0.64757,8.92198 -0.17988,10.10918c0.46768,1.187199 2.194521,3.525629 4.6049,3.849409c2.41037,0.32378 4.389038,-0.03598 5.97197,-1.546959c1.582932,-1.510981 2.80611,-4.460991 2.698181,-7.51893c-0.107922,-3.05794 -0.611591,-5.108561 -1.906712,-6.40368c-1.295128,-1.29513 -2.985989,-2.26648 -5.18051,-2.2305"}	{"m9.74943,2.33798c0,0 -3.95733,-0.28781 -5.86405,2.48233c-1.90671,2.77013 -1.87074,7.95064 -1.11525,10.36101c0.75549,2.410379 3.16587,5.36039 6.72747,4.964661c3.561601,-0.395741 5.25246,-2.30245 6.043921,-4.676851c0.791471,-2.374399 1.115251,-6.25978 0.03598,-9.02992c-1.07927,-2.77013 -4.029281,-4.31709 -5.828071,-4.10123z","m10.21711,2.33798c8.418331,1.61891 18.23971,0.35976 19.21105,0.07195c0.97135,-0.28781 -4.17318,-0.39573 -5.97197,3.66953c-1.79879,4.06526 -0.64757,8.92198 -0.17988,10.10918c0.46768,1.187199 2.194521,3.525629 4.6049,3.849409c2.41037,0.32378 4.389038,-0.03598 5.97197,-1.546959c1.582932,-1.510981 2.80611,-4.460991 2.698181,-7.51893c-0.107922,-3.05794 -0.611591,-5.108561 -1.906712,-6.40368c-1.295128,-1.29513 -2.985989,-2.26648 -5.18051,-2.2305"}
156	õ	th	5	thh	150	{"m3.45367,6.36726l0,17.232389c0,0 -0.25183,4.06526 2.5183,4.53294c0.7982,0.13476 1.75404,0.143871 2.96649,-0.987059c2.99539,-2.793961 6.60306,-11.244691 6.60306,-11.244691l-0.03598,-15.72141l0,27.98914l0,-8.95797c0,0 1.07928,-5.324409 3.273801,-7.12319c2.194519,-1.79879 4.748798,-1.97867 6.29575,-0.79147c1.546959,1.1872 2.086599,3.05794 2.15855,5.000629c0.071949,1.94269 0.03598,8.706131 0.03598,8.706131c0,0 -0.251831,1.546959 0.935369,2.482328c1.187201,0.935371 1.94269,0.61158 2.518299,0.46768c0.575611,-0.1439 0.935371,-0.503658 0.935371,-0.503658","m0.28781,11.08009l9.31772,0"}	{"m3.45367,6.36726l0,17.23239c0,0 -0.25183,4.06526 2.5183,4.53294c0.7982,0.13476 1.75404,0.14387 2.96649,-0.98706c2.99539,-2.79396 6.60306,-11.24469 6.60306,-11.24469l-0.03598,-15.72141l0,27.98914l0,-8.95797c0,0 1.07928,-5.32441 3.2738,-7.12319c2.19452,-1.79879 4.7488,-1.97867 6.29575,-0.79147c1.54696,1.1872 2.0866,3.05794 2.15855,5.00063l0.03598,11.70613","m0.28781,11.08009l9.31772,0"}
149	ç	oo	5	ooo	143	{"m9.74943,2.33798c0,0 -3.95733,-0.28781 -5.86405,2.48233c-1.90671,2.77013 -1.87074,7.95064 -1.11525,10.36101c0.75549,2.410379 3.16587,5.36039 6.72747,4.964661c3.561601,-0.395741 5.25246,-2.30245 6.043921,-4.676851c0.791471,-2.374399 1.115251,-6.25978 0.03598,-9.02992c-1.07927,-2.77013 -4.029281,-4.31709 -5.828071,-4.10123z","m10.21711,2.33798c8.418331,1.61891 18.23971,0.35976 19.21105,0.07195c0.97135,-0.28781 -4.17318,-0.39573 -5.97197,3.66953c-1.79879,4.06526 -0.64757,8.92198 -0.17988,10.10918c0.46768,1.187199 2.194521,3.525629 4.6049,3.849409c2.41037,0.32378 4.389038,-0.03598 5.97197,-1.546959c1.582932,-1.510981 2.80611,-4.460991 2.698181,-7.51893c-0.107922,-3.05794 -0.611591,-5.108561 -1.906712,-6.40368c-1.295128,-1.29513 -2.985989,-2.26648 -5.18051,-2.2305"}	{"m9.74943,2.33798c0,0 -3.95733,-0.28781 -5.86405,2.48233c-1.90671,2.77013 -1.87074,7.95064 -1.11525,10.36101c0.75549,2.410379 3.16587,5.36039 6.72747,4.964661c3.561601,-0.395741 5.25246,-2.30245 6.043921,-4.676851c0.791471,-2.374399 1.115251,-6.25978 0.03598,-9.02992c-1.07927,-2.77013 -4.029281,-4.31709 -5.828071,-4.10123z","m10.21711,2.33798c8.418331,1.61891 18.23971,0.35976 19.21105,0.07195c0.97135,-0.28781 -4.17318,-0.39573 -5.97197,3.66953c-1.79879,4.06526 -0.64757,8.92198 -0.17988,10.10918c0.46768,1.187199 2.194521,3.525629 4.6049,3.849409c2.41037,0.32378 4.389038,-0.03598 5.97197,-1.546959c1.582932,-1.510981 2.80611,-4.460991 2.698181,-7.51893c-0.107922,-3.05794 -0.611591,-5.108561 -1.906712,-6.40368c-1.295128,-1.29513 -2.985989,-2.26648 -5.18051,-2.2305"}
151	y	y	0	y	150	{"m0.88388,0.10478c0,0 0.55243,4.68458 0.30936,7.24784c-0.24307,2.56326 -0.11048,6.51864 0.66292,7.75608c0.77339,1.23744 2.16551,3.071501 5.2812,2.563261c3.11569,-0.50823 4.48571,-3.27037 4.949749,-4.286831c0.464041,-1.01647 0.83969,-3.11569 0.83969,-3.11569l-0.022099,-10.18676l0.088389,20.66078c0,0 0.06629,4.154251 -1.94455,6.47444c-2.01083,2.3202 -3.7786,2.364391 -4.46361,2.496971c-0.68501,0.132589 -2.65165,0.15468 -4.11006,-0.57452c-1.4584,-0.7292 -2.12132,-1.23744 -2.12132,-1.23744"}	{"m0.88388,0.10478c0,0 0.55243,4.68458 0.30936,7.24784c-0.24307,2.56326 -0.11048,6.51864 0.66292,7.75608c0.77339,1.23744 2.16551,3.071501 5.2812,2.563261c3.11569,-0.50823 4.48571,-3.27037 4.949749,-4.286831c0.464041,-1.01647 0.83969,-3.11569 0.83969,-3.11569l-0.022099,-10.18676l0.088389,20.66078c0,0 0.06629,4.154251 -1.94455,6.47444c-2.01083,2.3202 -3.7786,2.364391 -4.46361,2.496971c-0.68501,0.132589 -2.65165,0.15468 -4.11006,-0.57452c-1.4584,-0.7292 -2.12132,-1.23744 -2.12132,-1.23744"}
152	x	x	1	x	150	{"m1.17115,0.10478l11.66726,17.567181","m0.48614,17.671961l11.99871,-17.567181"}	{"m1.17115,0.10478l11.66726,17.567181","m0.48614,17.671961l11.99871,-17.567181"}
153	ô	ch	2	ch	150	{"m12.04291,11.26381c0,0 -4.17635,-1.98874 -7.73398,0.39774c-3.55763,2.38649 -3.97747,9.435459 -2.85052,12.21969c1.12695,2.784239 5.03813,5.83363 10.45192,3.115688c5.41379,-2.717939 5.76734,-7.689779 5.76734,-7.689779l-0.15468,-19.24657l0.08839,27.99701l-0.0221,-7.5793c0,0 0.883881,-5.192811 2.187611,-6.960581c1.30373,-1.76777 3.33666,-3.97748 6.673321,-2.762139c3.336658,1.21534 2.82843,6.47445 2.87262,6.91639c0.044189,0.441938 0,7.20365 0,7.20365c0,0 0.0221,1.568899 0.905979,2.2981c0.88389,0.7292 1.480511,0.86179 2.231812,0.64082c0.751301,-0.22098 1.30373,-0.59663 1.30373,-0.59663"}	{"m12.0848,11.3057c0,0 -4.17635,-1.98874 -7.73398,0.39774c-3.55763,2.38649 -3.97747,9.43546 -2.85052,12.21969c1.12695,2.78424 5.03813,5.83363 10.45192,3.11569c5.41379,-2.71794 5.76734,-7.68978 5.76734,-7.68978l-0.15468,-19.24657l0.08839,27.99701l-0.0221,-7.5793c0,0 0.88388,-5.19281 2.18761,-6.96058c1.30373,-1.76777 3.33667,-3.97748 6.67333,-2.76214c3.33665,1.21534 2.82843,6.47445 2.87262,6.91639l0,10.28615"}
154	ò	sh	3	sh	150	{"m9.8553,11.57317c0,0 -3.11569,-1.96664 -6.45235,-1.01647c-3.33666,0.950171 -2.74004,3.99957 -2.34229,4.77297c0.39775,0.773399 1.10485,1.922449 3.22617,3.204081c2.12133,1.28163 3.69022,2.474869 4.13216,3.09359c0.441939,0.618719 1.5026,1.59099 0.7734,4.11006c-0.729211,2.51907 -4.04377,2.51907 -5.01604,2.45277c-0.97227,-0.06629 -3.0494,-0.464031 -4.11006,-1.126951c-1.06066,-0.662909 -0.66291,-0.41984 -0.66291,-0.41984c0,0 2.71794,1.834061 5.89992,1.568892c3.18198,-0.265162 6.0988,-2.474871 7.51301,-4.132151c1.41421,-1.65728 3.469239,-5.12653 3.469239,-5.12653l-0.044189,-18.87091l0.132591,27.95282l-0.0221,-7.402529c0,0 0.35355,-4.375221 1.834049,-6.717511c1.480511,-2.34229 3.380859,-3.623919 5.50218,-3.447149c2.121321,0.17678 3.579731,1.25954 3.955379,2.80633c0.37565,1.5468 0.397741,2.872621 0.397741,2.872621l0,8.24222c0,0 0.022099,1.900349 0.618719,2.51906c0.596621,0.618719 1.259541,1.060659 2.209711,0.86179c0.95018,-0.19887 1.215338,-0.552431 1.37002,-0.707111"}	{"m9.8553,11.57317c0,0 -3.11569,-1.96664 -6.45235,-1.01647c-3.33666,0.95017 -2.74004,3.99957 -2.34229,4.77297c0.39775,0.7734 1.10485,1.92245 3.22617,3.20408c2.12133,1.28163 3.69022,2.47487 4.13216,3.09359c0.44194,0.61872 1.5026,1.59099 0.7734,4.11006c-0.72921,2.51907 -4.04377,2.51907 -5.01604,2.45277c-0.97227,-0.06629 -3.0494,-0.46403 -4.11006,-1.12695c-1.06066,-0.66291 -0.66291,-0.41984 -0.66291,-0.41984c0,0 2.71794,1.83406 5.89992,1.56889c3.18198,-0.26516 6.0988,-2.47487 7.51301,-4.13215c1.41421,-1.65728 3.46924,-5.12653 3.46924,-5.12653l-0.04419,-18.87091l0.13259,27.95282l-0.0221,-7.40253c0,0 0.35355,-4.37522 1.83405,-6.71751c1.48051,-2.34229 3.38086,-3.62392 5.50218,-3.44715c2.12132,0.17678 3.57973,1.25954 3.95538,2.80633c0.37565,1.5468 0.39774,2.87262 0.39774,2.87262l0,11.85274"}
155	ö	th	4	th	150	{"m3.45367,6.36726l0,17.232389c0,0 -0.25183,4.06526 2.5183,4.53294c0.7982,0.13476 1.75404,0.143871 2.96649,-0.987059c2.99539,-2.793961 6.60306,-11.244691 6.60306,-11.244691l-0.03598,-15.72141l0,27.98914l0,-8.95797c0,0 1.07928,-5.324409 3.273801,-7.12319c2.194519,-1.79879 4.748798,-1.97867 6.29575,-0.79147c1.546959,1.1872 2.086599,3.05794 2.15855,5.000629c0.071949,1.94269 0.03598,8.706131 0.03598,8.706131c0,0 -0.251831,1.546959 0.935369,2.482328c1.187201,0.935371 1.94269,0.61158 2.518299,0.46768c0.575611,-0.1439 0.935371,-0.503658 0.935371,-0.503658","m0.28781,11.08009l9.31772,0"}	{"m3.45367,6.36726l0,17.23239c0,0 -0.25183,4.06526 2.5183,4.53294c0.7982,0.13476 1.75404,0.14387 2.96649,-0.98706c2.99539,-2.79396 6.60306,-11.24469 6.60306,-11.24469l-0.03598,-15.72141l0,27.98914l0,-8.95797c0,0 1.07928,-5.32441 3.2738,-7.12319c2.19452,-1.79879 4.7488,-1.97867 6.29575,-0.79147c1.54696,1.1872 2.0866,3.05794 2.15855,5.00063l0.03598,11.70613","m0.28781,11.08009l9.31772,0"}
158	ü	qu	0	qu	157	{"m14.0625,1.71875c0,0 -1.9375,-1.34375 -5.59375,-0.9375c-3.65625,0.40625 -5.4375,2.6875 -6.125,3.59375c-0.6875,0.90625 -1.71875,3.59375 -1.625,6.34375c0.09375,2.75 0.78125,5.0625 2.5,6.40625c1.71875,1.34375 4.4375,1.375 6.03125,0.5625c1.59375,-0.8125 2.8125,-2.1875 3.75,-4.375c0.9375,-2.1875 0.96875,-3.78125 0.96875,-3.78125l-0.03125,-8.28125l-0.03125,29.03125l0.3125,0.0625c0,0 2.96875,-3.34375 3.46875,-4.4375c0.5,-1.09375 3.71875,-5.25 4.53125,-10.5c0.8125,-5.25 0.40625,-11.75 0.40625,-11.75l-0.28125,-3.03125c0,0 0.5,7.34375 0.40625,9.15625c-0.09375,1.8125 -0.125,3.59375 0,4.25c0.125,0.65625 0.375,1.8125 1.25,2.71875c0.875,0.90625 1.78125,1.375 3.125,1.4375c1.34375,0.0625 2.375,0.03125 3.3125,-0.5625c0.9375,-0.59375 1.78125,-1.03125 2.6875,-2.78125c0.90625,-1.75 1.34375,-4.21875 1.34375,-4.21875l-0.0625,-9.96875l0.0625,12.3125c0,0 -0.03125,2.4375 0.28125,3.1875c0.3125,0.75 0.34375,1.375 1.375,1.90625c1.03125,0.53125 2.4375,-0.25 2.6875,-0.46875"}	{"m14.0625,1.71875c0,0 -1.9375,-1.34375 -5.59375,-0.9375c-3.65625,0.40625 -5.4375,2.6875 -6.125,3.59375c-0.6875,0.90625 -1.71875,3.59375 -1.625,6.34375c0.09375,2.75 0.78125,5.0625 2.5,6.40625c1.71875,1.34375 4.4375,1.375 6.03125,0.5625c1.59375,-0.8125 2.8125,-2.1875 3.75,-4.375c0.9375,-2.1875 0.96875,-3.78125 0.96875,-3.78125l-0.03125,-8.28125l-0.03125,29.03125l0.3125,0.0625c0,0 2.96875,-3.34375 3.46875,-4.4375c0.5,-1.09375 3.71875,-5.25 4.53125,-10.5c0.8125,-5.25 0.40625,-11.75 0.40625,-11.75l-0.28125,-3.03125c0,0 0.5,7.34375 0.40625,9.15625c-0.09375,1.8125 -0.125,3.59375 0,4.25c0.125,0.65625 0.375,1.8125 1.25,2.71875c0.875,0.90625 1.78125,1.375 3.125,1.4375c1.34375,0.0625 2.375,0.03125 3.3125,-0.5625c0.9375,-0.59375 1.78125,-1.03125 2.6875,-2.78125c0.90625,-1.75 1.34375,-4.21875 1.34375,-4.21875l-0.0625,-9.96875c0.00611,6.11458 0.01223,11.22917 0.01835,17.34375"}
159	ë	ou	1	ou	157	{"m11.59375,1.3125c0,0 -3.125,-1.5 -5.8125,-0.375c-2.6875,1.125 -3.5625,2.5 -4.375,4.8125c-0.8125,2.3125 -0.53125,6.3125 0,7.65625c0.53125,1.34375 1.3125,3.875 4.1875,4.71875c2.875,0.84375 5.0625,0.03125 6,-0.65625c0.9375,-0.6875 2.75,-2.71875 3.28125,-5.375c0.53125,-2.65625 -0.03125,-6.0625 -0.59375,-7.28125c-0.5625,-1.21875 -1.25,-2.96875 -3.15625,-3.6875c-1.90625,-0.71875 0.09375,0.25 1.53125,0.40625c1.4375,0.15625 4.59375,0.5625 7,0.03125c2.40625,-0.53125 2,-0.40625 2,-0.40625c0,0 0.34375,2.71875 0.28125,6.0625c-0.0625,3.34375 0,4.9375 -0.03125,5.40625c-0.03125,0.46875 0.09375,3.1875 1.90625,4.65625c1.8125,1.46875 4.28125,0.9375 4.84375,0.71875c0.5625,-0.21875 2.28125,-0.65625 3.21875,-2.28125c0.9375,-1.625 1.8125,-4.78125 1.8125,-4.78125l-0.0625,-10.25l0.09375,13.5c0,0 0,1.28125 0.375,2.3125c0.375,1.03125 0.78125,1.59375 1.59375,1.78125c0.8125,0.1875 2.21875,-0.53125 2.34375,-0.65625"}	{"m11.59375,1.3125c0,0 -3.125,-1.5 -5.8125,-0.375c-2.6875,1.125 -3.5625,2.5 -4.375,4.8125c-0.8125,2.3125 -0.53125,6.3125 0,7.65625c0.53125,1.34375 1.3125,3.875 4.1875,4.71875c2.875,0.84375 5.0625,0.03125 6,-0.65625c0.9375,-0.6875 2.75,-2.71875 3.28125,-5.375c0.53125,-2.65625 -0.03125,-6.0625 -0.59375,-7.28125c-0.5625,-1.21875 -1.25,-2.96875 -3.15625,-3.6875c-1.90625,-0.71875 0.09375,0.25 1.53125,0.40625c1.4375,0.15625 4.59375,0.5625 7,0.03125c2.40625,-0.53125 2,-0.40625 2,-0.40625c0,0 0.34375,2.71875 0.28125,6.0625c-0.0625,3.34375 0,4.9375 -0.03125,5.40625c-0.03125,0.46875 0.09375,3.1875 1.90625,4.65625c1.8125,1.46875 4.28125,0.9375 4.84375,0.71875c0.5625,-0.21875 2.28125,-0.65625 3.21875,-2.28125c0.9375,-1.625 1.8125,-4.78125 1.8125,-4.78125l-0.0625,-10.25l0.09375,13.5c0,0 0.16265,2.88683 0.53765,3.91808"}
160	í	oi	2	oi	157	{"m11.59375,8.5c0,0 -2.96875,-1.5625 -6.15625,-0.4375c-3.1875,1.125 -4.21875,4.8125 -4.53125,6.75c-0.3125,1.9375 -0.09375,5.8125 1.15625,7.75c1.25,1.9375 3.15625,3.15625 6.03125,2.9375c2.875,-0.21875 3.59375,-1 5,-2.4375c1.40625,-1.4375 2.28125,-6.125 1.875,-8.03125c-0.40625,-1.90625 -0.4375,-3.46875 -2.28125,-5.5c-1.84375,-2.03125 -2.21875,-1.25 -1.65625,-1.21875c0.5625,0.03125 4.34375,0.8125 5.59375,0.65625c1.25,-0.15625 5,-0.28125 5.40625,-0.4375c0.40625,-0.15625 0.4375,-0.09375 0.4375,-0.09375l0.03125,13.3125c0,0 0,1.78125 0.78125,2.71875c0.78125,0.9375 0.9375,0.78125 1.5625,0.84375c0.625,0.0625 2.03125,-0.53125 2.125,-0.625","m22.34375,-15c0.6875,-0.03125 0.625,0.59375 0.1875,0.5625c-0.4375,-0.03125 -0.5,-0.4375 -0.1875,-0.5625z"}	{"m11.59375,8.5c0,0 -2.96875,-1.5625 -6.15625,-0.4375c-3.1875,1.125 -4.21875,4.8125 -4.53125,6.75c-0.3125,1.9375 -0.09375,5.8125 1.15625,7.75c1.25,1.9375 3.15625,3.15625 6.03125,2.9375c2.875,-0.21875 3.59375,-1 5,-2.4375c1.40625,-1.4375 2.28125,-6.125 1.875,-8.03125c-0.40625,-1.90625 -0.4375,-3.46875 -2.28125,-5.5c-1.84375,-2.03125 -2.21875,-1.25 -1.65625,-1.21875c0.5625,0.03125 4.34375,0.8125 5.59375,0.65625c1.25,-0.15625 5,-0.28125 5.40625,-0.4375c0.40625,-0.15625 0.4375,-0.09375 0.4375,-0.09375l0.03125,17.04334","m21.98296,3.64101c0.6875,-0.03125 0.625,0.59375 0.1875,0.5625c-0.4375,-0.03125 -0.5,-0.4375 -0.1875,-0.5625z"}
161	ã	ue	3	ue	157	{"m1.03125,7.78125c0,0 0.3125,1.59375 0.34375,4.375c0.03125,2.78125 0.03125,5.3125 -0.03125,5.9375c-0.0625,0.625 -0.03125,6.03125 2.875,6.84375c2.90625,0.8125 4.0625,0.3125 5.3125,-0.375c1.25,-0.6875 2.46875,-2.53125 2.71875,-3.46875c0.25,-0.9375 0.90625,-3.15625 0.90625,-3.15625l-0.0625,-10.1875l0.0625,12.65625c0,0 -0.03125,2.09375 0.34375,3c0.375,0.90625 0.8125,1.6875 1.59375,1.875c0.78125,0.1875 2.1875,-0.09375 2.75,-0.8125c0.5625,-0.71875 1.35573,-1.64325 2,-2.625c0.65625,-1 1.65625,-3.15625 1.65625,-3.15625l-0.0625,-1.78125c0,0 1.9375,0.28125 2.84375,0.21875c0.90625,-0.0625 3.0625,0.28125 5.21875,-0.53125c2.15625,-0.8125 3.3125,-1.875 3.90625,-3.84375c0.59375,-1.96875 -0.5,-3.96875 -2.78125,-4.75c-2.28125,-0.78125 -4.71875,-0.0625 -6.375,1.53125c-1.65625,1.59375 -2.75,4.78125 -2.84375,6.375c-0.09375,1.59375 0.375,5.6875 1.59375,7.125c1.21875,1.4375 3.0625,2.5625 5.40625,2.40625c2.34375,-0.15625 4.28125,-1.34375 4.28125,-1.34375"}	{"m1.03125,7.78125c0,0 0.3125,1.59375 0.34375,4.375c0.03125,2.78125 0.03125,5.3125 -0.03125,5.9375c-0.0625,0.625 -0.03125,6.03125 2.875,6.84375c2.90625,0.8125 4.0625,0.3125 5.3125,-0.375c1.25,-0.6875 2.46875,-2.53125 2.71875,-3.46875c0.25,-0.9375 0.90625,-3.15625 0.90625,-3.15625l-0.0625,-10.1875l0.0625,12.65625c0,0 -0.03125,2.09375 0.34375,3c0.375,0.90625 0.8125,1.6875 1.59375,1.875c0.78125,0.1875 2.1875,-0.09375 2.75,-0.8125c0.5625,-0.71875 1.35573,-1.64325 2,-2.625c0.65625,-1 1.65625,-3.15625 1.65625,-3.15625l-0.0625,-1.78125c0,0 1.9375,0.28125 2.84375,0.21875c0.90625,-0.0625 3.0625,0.28125 5.21875,-0.53125c2.15625,-0.8125 3.3125,-1.875 3.90625,-3.84375c0.59375,-1.96875 -0.5,-3.96875 -2.78125,-4.75c-2.28125,-0.78125 -4.71875,-0.0625 -6.375,1.53125c-1.65625,1.59375 -2.75,4.78125 -2.84375,6.375c-0.09375,1.59375 0.375,5.6875 1.59375,7.125c1.21875,1.4375 3.0625,2.5625 5.40625,2.40625c2.34375,-0.15625 4.28125,-1.34375 4.28125,-1.34375"}
162	é	er	4	er	157	{"m0.6875,9.71875c0,0 3.34375,0.53125 4.90625,0.3125c1.5625,-0.21875 5.09375,-0.4375 6.375,-2.625c1.28125,-2.1875 1.15625,-3.78125 -0.25,-5.46875c-1.40625,-1.6875 -4.9375,-1.65625 -6.375,-0.5625c-1.4375,1.09375 -2.75,1.71875 -4.25,6.125c-1.49129,4.38065 0.875,7.96875 1.65625,8.90625c0.78125,0.9375 3.0625,2.34375 5.6875,1.875c2.625,-0.46875 6.3125,-2.125 8.71875,-5.875c2.40625,-3.75 2.28125,-3.65625 2.28125,-3.65625c0,0 -0.0625,-4.5625 -0.09375,-4.9375c-0.03125,-0.375 -0.28125,-2.59375 -0.375,-3.125c-0.09375,-0.53125 0.53125,2.625 0.46875,3.90625c-0.0625,1.28125 0,13.78125 0,13.78125l0,-8.5c0,0 0.25,-3.09375 0.6875,-4.21875c0.4375,-1.125 0.78125,-3.34375 3.125,-4.3125c2.34375,-0.96875 4.5,0 4.5,0"}	{"m0.6875,9.71875c0,0 3.34375,0.53125 4.90625,0.3125c1.5625,-0.21875 5.09375,-0.4375 6.375,-2.625c1.28125,-2.1875 1.15625,-3.78125 -0.25,-5.46875c-1.40625,-1.6875 -4.9375,-1.65625 -6.375,-0.5625c-1.4375,1.09375 -2.75,1.71875 -4.25,6.125c-1.49129,4.38065 0.875,7.96875 1.65625,8.90625c0.78125,0.9375 3.0625,2.34375 5.6875,1.875c2.625,-0.46875 6.3125,-2.125 8.71875,-5.875c2.40625,-3.75 2.28125,-3.65625 2.28125,-3.65625c0,0 -0.0625,-4.5625 -0.09375,-4.9375c-0.03125,-0.375 -0.28125,-2.59375 -0.375,-3.125c-0.09375,-0.53125 0.53125,2.625 0.46875,3.90625c-0.0625,1.28125 0,13.78125 0,13.78125l0,-8.5c0,0 0.25,-3.09375 0.6875,-4.21875c0.4375,-1.125 0.78125,-3.34375 3.125,-4.3125c2.34375,-0.96875 4.5,0 4.5,0"}
163	û	ar	5	ar	157	{"m13.53125,1.5c0,0 -1.84375,-1.0625 -4.625,-0.71875c-2.78125,0.34375 -5.9375,1.875 -7.03125,4.875c-1.09375,3 -1.0625,5.8125 -0.46875,7.75c0.59375,1.9375 1.78125,3.71875 3.46875,4.375c1.6875,0.65625 3.71875,0.125 4.59375,-0.46875c0.875,-0.59375 2.65625,-2.15625 3.28125,-4.15625c0.625,-2 0.71875,-4.125 0.71875,-4.125l-0.09375,-8.0625l0.15625,12.28125c0,0 -0.03125,1.375 0.28125,2.78125c0.3125,1.40625 1.34375,1.84375 1.71875,1.96875c0.375,0.125 1.125,0.125 1.375,-0.0625c0.25,-0.1875 0.692671,-0.508471 1.53125,-1.375c0.9375,-0.96875 1.34375,-1.6875 1.84375,-3.09375c0.5,-1.40625 1.09375,-2.9375 1.09375,-2.9375l-0.03125,-6.71875c0,0 -0.1875,-2.1875 -0.34375,-2.625c-0.15625,-0.4375 -0.15625,-0.65625 -0.15625,-0.65625c0,0 0.46875,1.75 0.5,2.5c0.03125,0.75 0.03125,15.125 0.03125,15.125l0.03125,-7.65625c0,0 0.0625,-4.15625 1.15625,-6.375c1.09375,-2.21875 1.875,-3.125 3.59375,-3.375c1.71875,-0.25 3.09375,0.1875 3.46875,0.40625"}	{"m13.53125,1.5c0,0 -1.84375,-1.0625 -4.625,-0.71875c-2.78125,0.34375 -5.9375,1.875 -7.03125,4.875c-1.09375,3 -1.0625,5.8125 -0.46875,7.75c0.59375,1.9375 1.78125,3.71875 3.46875,4.375c1.6875,0.65625 3.71875,0.125 4.59375,-0.46875c0.875,-0.59375 2.65625,-2.15625 3.28125,-4.15625c0.625,-2 0.71875,-4.125 0.71875,-4.125l-0.09375,-8.0625l0.15625,12.28125c0,0 -0.03125,1.375 0.28125,2.78125c0.3125,1.40625 1.34375,1.84375 1.71875,1.96875c0.375,0.125 1.125,0.125 1.375,-0.0625c0.25,-0.1875 0.692671,-0.508471 1.53125,-1.375c0.9375,-0.96875 1.34375,-1.6875 1.84375,-3.09375c0.5,-1.40625 1.09375,-2.9375 1.09375,-2.9375l-0.03125,-6.71875c0,0 -0.1875,-2.1875 -0.34375,-2.625c-0.15625,-0.4375 -0.15625,-0.65625 -0.15625,-0.65625c0,0 0.46875,1.75 0.5,2.5c0.03125,0.75 0.03125,15.125 0.03125,15.125l0.03125,-7.65625c0,0 0.0625,-4.15625 1.15625,-6.375c1.09375,-2.21875 1.875,-3.125 3.59375,-3.375c1.71875,-0.25 3.09375,0.1875 3.46875,0.40625"}